date,station,half_day,PM2.5,PM10,NO2,PM2.5_count,PM10_count,NO2_count
2014-01-01,Aotizhongxin,0,53.666667,232.916667,81.500000,12,12,12
2014-01-01,Aotizhongxin,1,43.500000,105.416667,57.500000,12,12,12
2014-01-01,Changping,0,28.083333,98.333333,25.166667,12,12,12
2014-01-01,Changping,1,49.000000,92.416667,45.583333,12,12,12
2014-01-01,Dingling,0,29.666667,90.083333,13.000000,12,12,12
2014-01-01,Dingling,1,38.916667,73.833333,19.750000,12,12,12
2014-01-01,Dongsi,0,62.750000,123.083333,73.750000,12,12,12
2014-01-01,Dongsi,1,49.416667,76.416667,56.083333,12,12,12
2014-01-02,Aotizhongxin,0,121.833333,179.000000,78.583333,12,12,12
2014-01-02,Aotizhongxin,1,181.583333,205.333333,108.833333,12,12,12
2014-01-02,Changping,0,113.166667,150.333333,68.500000,12,12,12
2014-01-02,Changping,1,118.583333,159.916667,87.166667,12,12,12
2014-01-02,Dingling,0,52.833333,87.916667,41.833333,12,12,12
2014-01-02,Dingling,1,128.250000,121.250000,80.000000,12,12,12
2014-01-02,Dongsi,0,118.250000,158.250000,81.333333,12,12,12
2014-01-02,Dongsi,1,140.500000,181.416667,103.666667,12,12,12
2014-01-03,Aotizhongxin,0,66.750000,149.250000,47.333333,12,12,12
2014-01-03,Aotizhongxin,1,34.250000,80.166667,48.916667,12,12,12
2014-01-03,Changping,0,39.636364,115.090909,32.818182,11,11,11
2014-01-03,Changping,1,32.083333,57.416667,34.500000,12,12,12
2014-01-03,Dingling,0,33.833333,84.916667,15.250000,12,12,12
2014-01-03,Dingling,1,37.250000,48.333333,21.750000,12,12,12
2014-01-03,Dongsi,0,62.583333,123.916667,51.818182,12,12,11
2014-01-03,Dongsi,1,38.583333,59.583333,48.000000,12,12,12
2014-01-04,Aotizhongxin,0,78.250000,113.250000,65.250000,12,12,12
2014-01-04,Aotizhongxin,1,164.750000,203.166667,92.000000,12,12,12
2014-01-04,Changping,0,76.500000,108.916667,64.666667,12,12,12
2014-01-04,Changping,1,137.916667,150.833333,69.666667,12,12,12
2014-01-04,Dingling,0,64.583333,85.750000,49.333333,12,12,12
2014-01-04,Dingling,1,134.000000,118.500000,64.000000,12,12,12
2014-01-04,Dongsi,0,83.250000,94.500000,62.250000,12,12,12
2014-01-04,Dongsi,1,177.250000,182.000000,90.416667,12,12,12
2014-01-05,Aotizhongxin,0,129.916667,161.916667,83.333333,12,12,12
2014-01-05,Aotizhongxin,1,50.333333,71.583333,58.083333,12,12,12
2014-01-05,Changping,0,84.083333,81.166667,55.083333,12,12,12
2014-01-05,Changping,1,42.083333,56.000000,41.333333,12,12,12
2014-01-05,Dingling,0,68.500000,61.583333,42.083333,12,12,12
2014-01-05,Dingling,1,51.583333,61.916667,25.166667,12,12,12
2014-01-05,Dongsi,0,132.083333,109.083333,79.916667,12,12,12
2014-01-05,Dongsi,1,49.583333,47.916667,49.666667,12,12,12
2014-01-06,Aotizhongxin,0,110.833333,115.750000,61.272727,12,12,11
2014-01-06,Aotizhongxin,1,139.583333,148.083333,73.000000,12,12,12
2014-01-06,Changping,0,136.200000,155.300000,70.800000,10,10,10
2014-01-06,Changping,1,178.909091,177.090909,73.636364,11,11,11
2014-01-06,Dingling,0,117.750000,149.916667,64.666667,12,12,12
2014-01-06,Dingling,1,178.000000,204.416667,71.250000,12,12,12
2014-01-06,Dongsi,0,118.916667,93.916667,58.090909,12,12,11
2014-01-06,Dongsi,1,148.666667,125.916667,66.416667,12,12,12
2014-01-07,Aotizhongxin,0,171.750000,173.416667,80.916667,12,12,12
2014-01-07,Aotizhongxin,1,38.333333,24.750000,41.333333,12,12,12
2014-01-07,Changping,0,160.166667,151.000000,66.250000,12,12,12
2014-01-07,Changping,1,17.833333,24.250000,28.166667,12,12,12
2014-01-07,Dingling,0,134.500000,146.250000,56.583333,12,12,12
2014-01-07,Dingling,1,9.666667,22.416667,10.285714,12,12,7
2014-01-07,Dongsi,0,171.166667,149.000000,80.500000,12,12,12
2014-01-07,Dongsi,1,34.833333,15.333333,44.250000,12,12,12
2014-01-08,Aotizhongxin,0,11.333333,13.666667,12.250000,12,12,12
2014-01-08,Aotizhongxin,1,19.083333,18.416667,29.583333,12,12,12
2014-01-08,Changping,0,12.083333,11.916667,13.250000,12,12,12
2014-01-08,Changping,1,25.083333,33.750000,31.416667,12,12,12
2014-01-08,Dingling,0,9.833333,8.250000,5.000000,12,12,1
2014-01-08,Dingling,1,19.083333,31.000000,9.166667,12,12,12
2014-01-08,Dongsi,0,15.666667,6.750000,20.000000,12,12,12
2014-01-08,Dongsi,1,19.333333,12.166667,27.250000,12,12,12
2014-01-09,Aotizhongxin,0,38.000000,35.166667,36.166667,12,12,12
2014-01-09,Aotizhongxin,1,34.000000,50.583333,42.750000,12,12,12
2014-01-09,Changping,0,22.250000,32.666667,32.666667,12,12,12
2014-01-09,Changping,1,34.500000,54.666667,42.000000,12,12,12
2014-01-09,Dingling,0,18.166667,35.166667,12.583333,12,12,12
2014-01-09,Dingling,1,28.166667,44.750000,21.125000,12,12,8
2014-01-09,Dongsi,0,12.250000,15.250000,30.333333,12,12,12
2014-01-09,Dongsi,1,38.083333,49.333333,37.833333,12,12,12
2014-01-10,Aotizhongxin,0,45.666667,66.500000,61.750000,12,12,12
2014-01-10,Aotizhongxin,1,75.500000,110.750000,89.500000,12,12,12
2014-01-10,Changping,0,84.583333,108.750000,60.333333,12,12,12
2014-01-10,Changping,1,62.333333,82.333333,59.916667,12,12,12
2014-01-10,Dingling,0,49.083333,90.833333,40.916667,12,12,12
2014-01-10,Dingling,1,30.500000,56.083333,24.166667,12,12,12
2014-01-10,Dongsi,0,50.750000,60.333333,63.583333,12,12,12
2014-01-10,Dongsi,1,84.916667,19.166667,80.750000,12,12,12
2014-01-11,Aotizhongxin,0,95.083333,149.083333,84.666667,12,12,12
2014-01-11,Aotizhongxin,1,123.833333,160.250000,113.166667,12,12,12
2014-01-11,Changping,0,101.750000,121.000000,74.250000,12,12,12
2014-01-11,Changping,1,78.833333,98.750000,70.583333,12,12,12
2014-01-11,Dingling,0,52.166667,78.750000,44.833333,12,12,12
2014-01-11,Dingling,1,61.083333,106.250000,53.727273,12,12,11
2014-01-11,Dongsi,0,115.833333,15.250000,90.916667,12,12,12
2014-01-11,Dongsi,1,153.916667,18.083333,109.500000,12,12,12
2014-01-12,Aotizhongxin,0,14.666667,40.000000,28.250000,12,12,12
2014-01-12,Aotizhongxin,1,27.000000,41.416667,41.750000,12,12,12
2014-01-12,Changping,0,14.500000,25.000000,25.333333,12,12,12
2014-01-12,Changping,1,29.583333,40.166667,38.750000,12,12,12
2014-01-12,Dingling,0,8.916667,24.666667,7.727273,12,12,11
2014-01-12,Dingling,1,24.583333,37.583333,15.916667,12,12,12
2014-01-12,Dongsi,0,15.900000,8.700000,33.400000,10,10,10
2014-01-12,Dongsi,1,31.500000,7.583333,40.583333,12,12,12
2014-01-13,Aotizhongxin,0,61.500000,92.083333,69.333333,12,12,12
2014-01-13,Aotizhongxin,1,97.000000,126.083333,94.083333,12,12,12
2014-01-13,Changping,0,47.750000,54.916667,52.833333,12,12,12
2014-01-13,Changping,1,88.083333,99.250000,75.666667,12,12,12
2014-01-13,Dingling,0,40.333333,68.833333,38.363636,12,12,11
2014-01-13,Dingling,1,80.666667,119.583333,70.333333,12,12,12
2014-01-13,Dongsi,0,81.250000,10.500000,79.666667,12,12,12
2014-01-13,Dongsi,1,126.583333,191.583333,93.166667,12,12,12
2014-01-14,Aotizhongxin,0,88.750000,112.916667,78.250000,12,12,12
2014-01-14,Aotizhongxin,1,87.000000,95.333333,83.916667,12,12,12
2014-01-14,Changping,0,52.166667,61.916667,60.333333,12,12,12
2014-01-14,Changping,1,107.500000,186.700000,86.583333,8,10,12
2014-01-14,Dingling,0,21.666667,37.333333,24.083333,12,12,12
2014-01-14,Dingling,1,65.500000,97.750000,60.416667,12,12,12
2014-01-14,Dongsi,0,104.000000,125.666667,77.250000,12,12,12
2014-01-14,Dongsi,1,99.000000,109.083333,74.083333,12,12,12
2014-01-15,Aotizhongxin,0,85.833333,107.916667,78.916667,12,12,12
2014-01-15,Aotizhongxin,1,220.250000,259.666667,115.083333,12,12,12
2014-01-15,Changping,0,137.750000,176.250000,91.833333,12,12,12
2014-01-15,Changping,1,134.166667,157.500000,95.750000,12,12,12
2014-01-15,Dingling,0,54.750000,91.833333,55.500000,12,12,12
2014-01-15,Dingling,1,123.727273,166.454545,95.000000,11,11,11
2014-01-15,Dongsi,0,93.583333,112.750000,82.416667,12,12,12
2014-01-15,Dongsi,1,266.583333,286.333333,104.166667,12,12,12
2014-01-16,Aotizhongxin,0,466.083333,519.916667,156.083333,12,12,12
2014-01-16,Aotizhongxin,1,249.916667,274.000000,112.000000,12,12,12
2014-01-16,Changping,0,305.083333,315.500000,120.583333,12,12,12
2014-01-16,Changping,1,207.833333,220.166667,78.583333,12,12,12
2014-01-16,Dingling,0,175.333333,225.750000,89.727273,12,12,11
2014-01-16,Dingling,1,143.333333,181.583333,58.916667,12,12,12
2014-01-16,Dongsi,0,533.333333,541.416667,137.583333,12,12,12
2014-01-16,Dongsi,1,290.500000,283.000000,97.750000,12,12,12
2014-01-17,Aotizhongxin,0,150.333333,134.500000,71.666667,12,12,12
2014-01-17,Aotizhongxin,1,97.666667,132.833333,60.416667,12,12,12
2014-01-17,Changping,0,221.083333,187.166667,72.416667,12,12,12
2014-01-17,Changping,1,32.333333,51.416667,42.750000,12,12,12
2014-01-17,Dingling,0,232.000000,243.000000,73.583333,12,12,12
2014-01-17,Dingling,1,19.416667,31.583333,14.416667,12,12,12
2014-01-17,Dongsi,0,156.416667,108.666667,62.166667,12,12,12
2014-01-17,Dongsi,1,188.666667,193.000000,73.416667,12,12,12
2014-01-18,Aotizhongxin,0,25.916667,45.166667,51.000000,12,12,11
2014-01-18,Aotizhongxin,1,94.833333,124.000000,85.833333,12,12,12
2014-01-18,Changping,0,18.916667,26.750000,31.636364,12,12,11
2014-01-18,Changping,1,95.583333,110.166667,70.833333,12,12,12
2014-01-18,Dingling,0,16.833333,27.000000,20.666667,12,12,12
2014-01-18,Dingling,1,79.833333,106.083333,54.500000,12,12,12
2014-01-18,Dongsi,0,59.916667,50.333333,26.545455,12,12,11
2014-01-18,Dongsi,1,109.250000,106.083333,2.083333,12,12,12
2014-01-19,Aotizhongxin,0,116.000000,136.333333,85.166667,12,12,12
2014-01-19,Aotizhongxin,1,105.000000,275.416667,58.750000,12,12,12
2014-01-19,Changping,0,121.583333,129.250000,82.666667,12,12,12
2014-01-19,Changping,1,103.666667,234.166667,57.583333,12,12,12
2014-01-19,Dingling,0,129.416667,160.000000,81.909091,12,12,11
2014-01-19,Dingling,1,90.000000,219.500000,66.857143,12,12,7
2014-01-19,Dongsi,0,129.090909,129.727273,2.125000,11,11,8
2014-01-19,Dongsi,1,119.583333,264.250000,,12,12,0
2014-01-20,Aotizhongxin,0,8.666667,50.000000,7.727273,12,12,11
2014-01-20,Aotizhongxin,1,9.750000,26.666667,8.400000,12,12,10
2014-01-20,Changping,0,10.166667,44.583333,16.166667,12,12,12
2014-01-20,Changping,1,12.333333,28.750000,20.416667,12,12,12
2014-01-20,Dingling,0,5.166667,30.500000,2.250000,12,12,4
2014-01-20,Dingling,1,5.083333,15.583333,2.000000,12,12,2
2014-01-20,Dongsi,0,6.666667,48.500000,,12,12,0
2014-01-20,Dongsi,1,9.250000,25.666667,,12,12,0
2014-01-21,Aotizhongxin,0,15.666667,23.416667,19.818182,12,12,11
2014-01-21,Aotizhongxin,1,61.583333,97.583333,60.916667,12,12,12
2014-01-21,Changping,0,18.083333,20.166667,26.818182,12,12,11
2014-01-21,Changping,1,52.916667,62.583333,47.083333,12,12,12
2014-01-21,Dingling,0,13.500000,22.750000,9.700000,12,12,10
2014-01-21,Dingling,1,51.666667,68.750000,32.818182,12,12,11
2014-01-21,Dongsi,0,15.250000,20.583333,,12,12,0
2014-01-21,Dongsi,1,68.083333,76.000000,,12,12,0
2014-01-22,Aotizhongxin,0,104.583333,128.916667,77.833333,12,12,12
2014-01-22,Aotizhongxin,1,136.166667,160.666667,110.916667,12,12,12
2014-01-22,Changping,0,90.583333,96.333333,61.083333,12,12,12
2014-01-22,Changping,1,123.083333,127.583333,83.333333,12,12,12
2014-01-22,Dingling,0,73.666667,103.833333,39.727273,12,12,11
2014-01-22,Dingling,1,109.000000,148.666667,70.666667,6,6,6
2014-01-22,Dongsi,0,110.583333,124.083333,,12,12,0
2014-01-22,Dongsi,1,149.583333,159.083333,,12,12,0
2014-01-23,Aotizhongxin,0,215.272727,240.545455,125.090909,11,11,11
2014-01-23,Aotizhongxin,1,230.000000,266.916667,129.333333,12,12,12
2014-01-23,Changping,0,166.545455,166.545455,105.454545,11,11,11
2014-01-23,Changping,1,239.100000,313.000000,123.500000,10,12,12
2014-01-23,Dingling,0,,,,0,0,0
2014-01-23,Dingling,1,235.250000,281.083333,112.000000,12,12,12
2014-01-23,Dongsi,0,241.545455,264.636364,,11,11,0
2014-01-23,Dongsi,1,245.666667,280.083333,,12,12,0
2014-01-24,Aotizhongxin,0,234.166667,260.250000,116.272727,12,12,11
2014-01-24,Aotizhongxin,1,68.083333,77.750000,68.000000,12,12,12
2014-01-24,Changping,0,261.416667,263.666667,117.181818,12,12,11
2014-01-24,Changping,1,110.166667,122.666667,67.583333,12,12,12
2014-01-24,Dingling,0,184.083333,222.666667,82.500000,12,12,12
2014-01-24,Dingling,1,50.916667,76.333333,24.583333,12,12,12
2014-01-24,Dongsi,0,224.833333,237.333333,,12,12,0
2014-01-24,Dongsi,1,57.083333,62.333333,,12,12,0
2014-01-25,Aotizhongxin,0,28.833333,38.583333,44.833333,12,12,12
2014-01-25,Aotizhongxin,1,14.750000,42.250000,25.285714,8,8,7
2014-01-25,Changping,0,14.500000,21.833333,19.416667,12,12,12
2014-01-25,Changping,1,17.625000,32.000000,22.000000,8,8,8
2014-01-25,Dingling,0,6.916667,14.000000,3.300000,12,12,10
2014-01-25,Dingling,1,19.000000,39.000000,10.125000,8,8,8
2014-01-25,Dongsi,0,22.416667,28.166667,,12,12,0
2014-01-25,Dongsi,1,15.500000,35.250000,,8,8,0
2014-01-26,Aotizhongxin,0,22.250000,53.750000,27.833333,12,12,12
2014-01-26,Aotizhongxin,1,67.000000,89.750000,49.166667,12,12,12
2014-01-26,Changping,0,45.000000,73.583333,44.250000,12,12,12
2014-01-26,Changping,1,75.666667,90.333333,49.250000,12,12,12
2014-01-26,Dingling,0,41.083333,74.750000,27.916667,12,12,12
2014-01-26,Dingling,1,65.583333,96.250000,33.916667,12,12,12
2014-01-26,Dongsi,0,25.416667,47.500000,,12,12,0
2014-01-26,Dongsi,1,79.100000,93.818182,,10,11,0
2014-01-27,Aotizhongxin,0,112.083333,131.750000,74.272727,12,12,11
2014-01-27,Aotizhongxin,1,67.000000,99.545455,50.181818,11,11,11
2014-01-27,Changping,0,131.909091,129.727273,65.000000,11,11,10
2014-01-27,Changping,1,70.750000,106.083333,39.083333,12,12,12
2014-01-27,Dingling,0,116.416667,132.416667,42.333333,12,12,12
2014-01-27,Dingling,1,65.333333,103.166667,40.833333,12,12,6
2014-01-27,Dongsi,0,107.916667,127.666667,,12,12,0
2014-01-27,Dongsi,1,56.500000,105.750000,,12,12,0
2014-01-28,Aotizhongxin,0,12.750000,19.833333,39.833333,12,12,12
2014-01-28,Aotizhongxin,1,65.250000,120.333333,44.500000,12,12,12
2014-01-28,Changping,0,16.333333,21.583333,25.416667,12,12,12
2014-01-28,Changping,1,74.583333,116.583333,46.583333,12,12,12
2014-01-28,Dingling,0,11.166667,22.250000,10.375000,12,12,8
2014-01-28,Dingling,1,71.333333,130.666667,28.833333,12,12,12
2014-01-28,Dongsi,0,11.500000,23.250000,,12,12,0
2014-01-28,Dongsi,1,64.666667,120.250000,,12,12,0
2014-01-29,Aotizhongxin,0,71.333333,91.250000,67.166667,12,12,12
2014-01-29,Aotizhongxin,1,167.666667,185.333333,91.166667,12,12,12
2014-01-29,Changping,0,82.833333,99.083333,58.583333,12,12,12
2014-01-29,Changping,1,134.600000,175.500000,66.833333,10,10,12
2014-01-29,Dingling,0,79.250000,119.166667,38.833333,12,12,12
2014-01-29,Dingling,1,125.500000,171.833333,52.166667,12,12,12
2014-01-29,Dongsi,0,70.416667,86.583333,,12,12,0
2014-01-29,Dongsi,1,174.083333,188.500000,,12,12,0
2014-01-30,Aotizhongxin,0,67.166667,71.000000,45.909091,12,12,11
2014-01-30,Aotizhongxin,1,55.166667,84.750000,37.333333,12,12,12
2014-01-30,Changping,0,54.916667,73.166667,32.818182,12,12,11
2014-01-30,Changping,1,70.583333,110.750000,35.750000,12,12,12
2014-01-30,Dingling,0,25.333333,48.333333,16.750000,12,12,4
2014-01-30,Dingling,1,59.583333,93.750000,29.000000,12,12,8
2014-01-30,Dongsi,0,76.833333,84.166667,,12,12,0
2014-01-30,Dongsi,1,58.666667,90.333333,,12,12,0
2014-01-31,Aotizhongxin,0,151.333333,189.833333,50.916667,12,12,12
2014-01-31,Aotizhongxin,1,112.916667,134.500000,48.083333,12,12,12
2014-01-31,Changping,0,137.000000,191.083333,42.583333,12,12,12
2014-01-31,Changping,1,112.416667,142.000000,42.583333,12,12,12
2014-01-31,Dingling,0,155.083333,194.750000,33.636364,12,12,11
2014-01-31,Dingling,1,128.166667,149.916667,31.666667,12,12,12
2014-01-31,Dongsi,0,165.666667,209.500000,,12,12,0
2014-01-31,Dongsi,1,122.166667,144.333333,,12,12,0
2014-02-01,Aotizhongxin,0,149.666667,156.250000,63.583333,12,12,12
2014-02-01,Aotizhongxin,1,110.000000,100.166667,56.416667,12,12,12
2014-02-01,Changping,0,149.416667,159.500000,56.000000,12,12,12
2014-02-01,Changping,1,135.750000,133.250000,54.166667,12,12,12
2014-02-01,Dingling,0,147.500000,148.583333,30.666667,12,12,12
2014-02-01,Dingling,1,160.833333,148.750000,48.083333,12,12,12
2014-02-01,Dongsi,0,161.083333,159.750000,,12,12,0
2014-02-01,Dongsi,1,115.166667,101.583333,,12,12,0
2014-02-02,Aotizhongxin,0,118.000000,129.250000,44.454545,12,12,11
2014-02-02,Aotizhongxin,1,10.333333,50.250000,10.583333,12,12,12
2014-02-02,Changping,0,104.500000,135.416667,44.545455,12,12,11
2014-02-02,Changping,1,10.750000,48.083333,13.750000,12,12,12
2014-02-02,Dingling,0,120.000000,145.750000,42.000000,12,12,11
2014-02-02,Dingling,1,6.083333,42.250000,2.000000,12,12,1
2014-02-02,Dongsi,0,130.166667,134.500000,,12,12,0
2014-02-02,Dongsi,1,12.666667,63.416667,,12,12,0
2014-02-03,Aotizhongxin,0,4.333333,17.000000,7.000000,12,12,12
2014-02-03,Aotizhongxin,1,6.750000,43.250000,8.666667,12,12,12
2014-02-03,Changping,0,7.083333,17.666667,9.333333,12,12,12
2014-02-03,Changping,1,7.666667,49.416667,6.333333,12,12,12
2014-02-03,Dingling,0,5.583333,15.250000,5.000000,12,12,1
2014-02-03,Dingling,1,5.916667,32.416667,,12,12,0
2014-02-03,Dongsi,0,4.500000,18.583333,,12,12,0
2014-02-03,Dongsi,1,7.333333,46.000000,,12,12,0
2014-02-04,Aotizhongxin,0,5.750000,15.666667,11.000000,12,12,12
2014-02-04,Aotizhongxin,1,43.833333,57.083333,32.333333,12,12,12
2014-02-04,Changping,0,6.250000,17.916667,7.600000,12,12,10
2014-02-04,Changping,1,27.416667,37.416667,17.083333,12,12,12
2014-02-04,Dingling,0,6.250000,19.750000,2.000000,12,12,1
2014-02-04,Dingling,1,21.333333,27.083333,12.285714,12,12,7
2014-02-04,Dongsi,0,5.750000,20.666667,,12,12,0
2014-02-04,Dongsi,1,47.833333,67.750000,,12,12,0
2014-02-05,Aotizhongxin,0,85.083333,98.833333,49.818182,12,12,11
2014-02-05,Aotizhongxin,1,91.333333,104.083333,43.666667,12,12,12
2014-02-05,Changping,0,50.083333,61.750000,31.909091,12,12,11
2014-02-05,Changping,1,105.416667,122.583333,47.416667,12,12,12
2014-02-05,Dingling,0,53.333333,60.916667,16.000000,12,12,12
2014-02-05,Dingling,1,117.333333,123.583333,41.083333,12,12,12
2014-02-05,Dongsi,0,86.083333,98.000000,,12,12,0
2014-02-05,Dongsi,1,89.666667,98.166667,,12,12,0
2014-02-06,Aotizhongxin,0,134.083333,132.750000,65.833333,12,12,12
2014-02-06,Aotizhongxin,1,105.583333,103.083333,63.250000,12,12,12
2014-02-06,Changping,0,126.750000,126.333333,52.166667,12,12,12
2014-02-06,Changping,1,108.250000,108.916667,52.083333,12,12,12
2014-02-06,Dingling,0,133.000000,116.000000,33.750000,9,9,8
2014-02-06,Dingling,1,,,,0,0,0
2014-02-06,Dongsi,0,138.166667,130.750000,,12,12,0
2014-02-06,Dongsi,1,104.833333,100.083333,,12,12,0
2014-02-07,Aotizhongxin,0,83.083333,64.416667,50.416667,12,12,12
2014-02-07,Aotizhongxin,1,84.000000,56.166667,55.750000,12,12,12
2014-02-07,Changping,0,107.166667,100.083333,51.083333,12,12,12
2014-02-07,Changping,1,103.166667,77.416667,40.333333,12,12,12
2014-02-07,Dingling,0,123.000000,93.666667,40.666667,3,3,3
2014-02-07,Dingling,1,121.500000,79.416667,41.166667,12,12,12
2014-02-07,Dongsi,0,87.250000,66.750000,,12,12,0
2014-02-07,Dongsi,1,88.333333,62.583333,,12,12,0
2014-02-08,Aotizhongxin,0,97.833333,70.000000,50.818182,12,12,11
2014-02-08,Aotizhongxin,1,8.333333,6.166667,10.600000,12,12,10
2014-02-08,Changping,0,108.250000,81.166667,50.727273,12,12,11
2014-02-08,Changping,1,8.400000,7.000000,14.400000,10,10,10
2014-02-08,Dingling,0,116.250000,75.250000,37.083333,12,12,12
2014-02-08,Dingling,1,4.100000,6.100000,3.600000,10,10,10
2014-02-08,Dongsi,0,95.250000,66.583333,,12,12,0
2014-02-08,Dongsi,1,10.500000,6.250000,,12,12,0
2014-02-09,Aotizhongxin,0,8.250000,7.666667,13.250000,12,12,12
2014-02-09,Aotizhongxin,1,9.666667,12.000000,18.583333,12,12,12
2014-02-09,Changping,0,10.250000,8.000000,13.166667,12,12,12
2014-02-09,Changping,1,14.083333,19.083333,23.333333,12,12,12
2014-02-09,Dingling,0,9.250000,8.250000,5.363636,12,12,11
2014-02-09,Dingling,1,11.416667,13.333333,4.454545,12,12,11
2014-02-09,Dongsi,0,8.583333,10.083333,,12,12,0
2014-02-09,Dongsi,1,11.083333,15.333333,,12,12,0
2014-02-10,Aotizhongxin,0,10.000000,9.666667,23.000000,12,12,12
2014-02-10,Aotizhongxin,1,30.750000,30.250000,42.833333,12,12,12
2014-02-10,Changping,0,14.333333,15.500000,27.750000,12,12,12
2014-02-10,Changping,1,35.750000,35.250000,43.833333,12,12,12
2014-02-10,Dingling,0,11.833333,11.583333,8.166667,12,12,12
2014-02-10,Dingling,1,37.166667,30.833333,25.000000,12,12,12
2014-02-10,Dongsi,0,14.333333,11.333333,,12,12,0
2014-02-10,Dongsi,1,33.333333,31.416667,,12,12,0
2014-02-11,Aotizhongxin,0,74.166667,72.916667,60.909091,12,12,11
2014-02-11,Aotizhongxin,1,129.272727,125.727273,83.000000,11,11,11
2014-02-11,Changping,0,50.250000,47.250000,47.727273,12,12,11
2014-02-11,Changping,1,106.727273,108.636364,78.909091,11,11,11
2014-02-11,Dingling,0,56.750000,45.166667,27.272727,12,12,11
2014-02-11,Dingling,1,112.363636,100.090909,69.363636,11,11,11
2014-02-11,Dongsi,0,84.363636,73.000000,,11,12,0
2014-02-11,Dongsi,1,154.000000,134.181818,,11,11,0
2014-02-12,Aotizhongxin,0,142.416667,126.500000,75.090909,12,12,11
2014-02-12,Aotizhongxin,1,97.083333,94.166667,74.916667,12,12,12
2014-02-12,Changping,0,121.666667,126.583333,82.454545,12,12,11
2014-02-12,Changping,1,86.750000,86.166667,61.083333,12,12,12
2014-02-12,Dingling,0,89.083333,79.166667,50.090909,12,12,11
2014-02-12,Dingling,1,95.500000,90.583333,50.250000,12,12,12
2014-02-12,Dongsi,0,146.727273,129.000000,,11,11,0
2014-02-12,Dongsi,1,110.416667,101.750000,,12,12,0
2014-02-13,Aotizhongxin,0,164.833333,153.416667,71.100000,12,12,10
2014-02-13,Aotizhongxin,1,202.916667,193.583333,87.833333,12,12,12
2014-02-13,Changping,0,160.083333,160.750000,68.727273,12,12,11
2014-02-13,Changping,1,205.500000,208.166667,82.416667,12,12,12
2014-02-13,Dingling,0,176.083333,155.333333,58.363636,12,12,11
2014-02-13,Dingling,1,218.000000,189.363636,64.090909,11,11,11
2014-02-13,Dongsi,0,175.833333,157.916667,,12,12,0
2014-02-13,Dongsi,1,204.833333,186.083333,,12,12,0
2014-02-14,Aotizhongxin,0,215.666667,201.083333,81.636364,12,12,11
2014-02-14,Aotizhongxin,1,292.900000,323.100000,112.000000,10,10,12
2014-02-14,Changping,0,207.166667,197.500000,73.090909,12,12,11
2014-02-14,Changping,1,261.083333,259.833333,79.583333,12,12,12
2014-02-14,Dingling,0,219.250000,177.333333,51.454545,12,12,11
2014-02-14,Dingling,1,293.166667,253.000000,64.666667,12,12,12
2014-02-14,Dongsi,0,214.416667,204.916667,,12,12,0
2014-02-14,Dongsi,1,366.416667,359.250000,,12,12,0
2014-02-15,Aotizhongxin,0,374.916667,380.250000,97.454545,12,12,11
2014-02-15,Aotizhongxin,1,429.583333,419.750000,125.416667,12,12,12
2014-02-15,Changping,0,284.250000,266.250000,84.000000,12,12,11
2014-02-15,Changping,1,387.000000,374.500000,104.750000,12,12,12
2014-02-15,Dingling,0,319.500000,260.666667,66.909091,12,12,11
2014-02-15,Dingling,1,424.250000,370.833333,90.666667,12,12,12
2014-02-15,Dongsi,0,416.666667,396.833333,,12,12,0
2014-02-15,Dongsi,1,436.000000,393.000000,,12,12,0
2014-02-16,Aotizhongxin,0,422.166667,399.416667,100.818182,12,12,11
2014-02-16,Aotizhongxin,1,219.416667,185.333333,78.583333,12,12,12
2014-02-16,Changping,0,344.583333,317.083333,79.636364,12,12,11
2014-02-16,Changping,1,188.000000,160.916667,73.583333,12,12,12
2014-02-16,Dingling,0,291.000000,223.250000,44.454545,12,12,11
2014-02-16,Dingling,1,191.250000,148.416667,46.750000,12,12,12
2014-02-16,Dongsi,0,390.333333,335.333333,,12,12,0
2014-02-16,Dongsi,1,228.000000,179.833333,,12,12,0
2014-02-17,Aotizhongxin,0,90.166667,67.250000,71.272727,12,12,11
2014-02-17,Aotizhongxin,1,71.583333,87.916667,57.750000,12,12,12
2014-02-17,Changping,0,174.166667,146.333333,85.454545,12,12,11
2014-02-17,Changping,1,77.900000,96.363636,69.333333,10,11,12
2014-02-17,Dingling,0,215.583333,168.750000,57.454545,12,12,11
2014-02-17,Dingling,1,81.750000,93.250000,51.916667,12,12,12
2014-02-17,Dongsi,0,82.833333,48.083333,,12,12,0
2014-02-17,Dongsi,1,71.916667,73.250000,,12,12,0
2014-02-18,Aotizhongxin,0,49.545455,58.545455,62.909091,11,11,11
2014-02-18,Aotizhongxin,1,81.750000,90.583333,53.166667,12,12,12
2014-02-18,Changping,0,57.454545,80.454545,56.727273,11,11,11
2014-02-18,Changping,1,95.916667,107.500000,62.750000,12,12,12
2014-02-18,Dingling,0,70.181818,88.636364,38.727273,11,11,11
2014-02-18,Dingling,1,101.416667,105.500000,49.000000,12,12,12
2014-02-18,Dongsi,0,53.454545,45.000000,,11,11,0
2014-02-18,Dongsi,1,77.833333,73.166667,,12,12,0
2014-02-19,Aotizhongxin,0,80.250000,93.750000,66.000000,12,12,12
2014-02-19,Aotizhongxin,1,46.000000,52.583333,40.666667,12,12,12
2014-02-19,Changping,0,56.250000,47.250000,44.181818,12,12,11
2014-02-19,Changping,1,32.250000,39.416667,38.916667,12,12,12
2014-02-19,Dingling,0,54.500000,43.416667,21.454545,12,12,11
2014-02-19,Dingling,1,22.333333,24.083333,11.090909,12,12,11
2014-02-19,Dongsi,0,77.333333,79.583333,,12,12,0
2014-02-19,Dongsi,1,49.916667,53.333333,,12,12,0
2014-02-20,Aotizhongxin,0,136.500000,155.000000,71.727273,12,12,11
2014-02-20,Aotizhongxin,1,285.250000,297.000000,91.166667,12,12,12
2014-02-20,Changping,0,132.916667,149.083333,75.500000,12,12,12
2014-02-20,Changping,1,210.833333,218.750000,77.833333,12,12,12
2014-02-20,Dingling,0,104.750000,111.666667,45.166667,12,12,12
2014-02-20,Dingling,1,212.750000,223.833333,71.583333,12,12,12
2014-02-20,Dongsi,0,145.416667,140.250000,,12,12,0
2014-02-20,Dongsi,1,276.000000,298.916667,,12,12,0
2014-02-21,Aotizhongxin,0,260.000000,266.916667,92.333333,12,12,12
2014-02-21,Aotizhongxin,1,236.833333,274.916667,106.250000,12,12,12
2014-02-21,Changping,0,301.083333,307.333333,88.583333,12,12,12
2014-02-21,Changping,1,257.250000,277.500000,80.083333,12,12,12
2014-02-21,Dingling,0,340.000000,343.583333,77.416667,12,12,12
2014-02-21,Dingling,1,301.166667,302.750000,57.916667,12,12,12
2014-02-21,Dongsi,0,260.000000,260.000000,,12,12,0
2014-02-21,Dongsi,1,246.750000,267.750000,,12,12,0
2014-02-22,Aotizhongxin,0,279.666667,323.666667,108.583333,12,12,12
2014-02-22,Aotizhongxin,1,243.000000,284.166667,100.666667,12,12,12
2014-02-22,Changping,0,279.583333,301.500000,90.909091,12,12,11
2014-02-22,Changping,1,260.833333,301.166667,107.333333,12,12,12
2014-02-22,Dingling,0,312.250000,313.333333,57.363636,12,12,11
2014-02-22,Dingling,1,338.500000,338.500000,82.583333,12,12,12
2014-02-22,Dongsi,0,256.833333,268.750000,,12,12,0
2014-02-22,Dongsi,1,246.583333,272.250000,,12,12,0
2014-02-23,Aotizhongxin,0,184.000000,190.666667,73.545455,12,12,11
2014-02-23,Aotizhongxin,1,209.250000,269.583333,96.833333,12,12,12
2014-02-23,Changping,0,201.000000,205.416667,74.166667,12,12,12
2014-02-23,Changping,1,225.666667,270.000000,97.000000,12,12,12
2014-02-23,Dingling,0,287.333333,287.333333,64.333333,12,12,12
2014-02-23,Dingling,1,292.916667,300.333333,84.833333,12,12,12
2014-02-23,Dongsi,0,189.000000,189.000000,,12,12,0
2014-02-23,Dongsi,1,214.166667,267.250000,,12,12,0
2014-02-24,Aotizhongxin,0,215.909091,299.090909,109.083333,11,11,12
2014-02-24,Aotizhongxin,1,269.454545,320.818182,128.500000,11,11,10
2014-02-24,Changping,0,228.833333,283.916667,95.916667,12,12,12
2014-02-24,Changping,1,261.100000,278.800000,84.333333,10,10,9
2014-02-24,Dingling,0,298.916667,298.916667,72.750000,12,12,12
2014-02-24,Dingling,1,295.200000,291.300000,72.500000,10,10,10
2014-02-24,Dongsi,0,220.636364,296.750000,,11,12,0
2014-02-24,Dongsi,1,312.400000,358.363636,,10,11,0
2014-02-25,Aotizhongxin,0,372.500000,384.750000,118.416667,12,12,12
2014-02-25,Aotizhongxin,1,403.000000,418.000000,133.800000,5,5,5
2014-02-25,Changping,0,313.666667,319.833333,98.250000,12,12,12
2014-02-25,Changping,1,385.400000,388.600000,109.600000,5,5,5
2014-02-25,Dingling,0,357.083333,357.500000,84.181818,12,12,11
2014-02-25,Dingling,1,422.800000,381.000000,82.200000,5,5,5
2014-02-25,Dongsi,0,359.583333,355.583333,,12,12,0
2014-02-25,Dongsi,1,433.400000,408.200000,148.666667,5,5,3
2014-02-26,Aotizhongxin,0,447.833333,440.000000,131.750000,6,6,4
2014-02-26,Aotizhongxin,1,298.090909,249.416667,87.100000,11,12,10
2014-02-26,Changping,0,499.750000,474.250000,125.500000,4,4,4
2014-02-26,Changping,1,211.090909,211.636364,76.100000,11,11,10
2014-02-26,Dingling,0,,,,0,0,0
2014-02-26,Dingling,1,189.000000,138.000000,41.333333,10,10,9
2014-02-26,Dongsi,0,457.333333,409.166667,130.000000,6,6,4
2014-02-26,Dongsi,1,310.454545,241.083333,90.800000,11,12,10
2014-02-27,Aotizhongxin,0,13.750000,5.000000,21.333333,12,12,12
2014-02-27,Aotizhongxin,1,19.000000,15.833333,26.666667,12,12,12
2014-02-27,Changping,0,14.333333,21.916667,21.083333,12,12,12
2014-02-27,Changping,1,23.083333,33.000000,29.083333,12,12,12
2014-02-27,Dingling,0,9.916667,5.000000,3.500000,12,12,12
2014-02-27,Dingling,1,17.583333,6.250000,8.083333,12,12,12
2014-02-27,Dongsi,0,14.000000,5.000000,19.416667,12,12,12
2014-02-27,Dongsi,1,22.333333,8.416667,26.000000,12,12,12
2014-02-28,Aotizhongxin,0,58.666667,68.416667,69.750000,12,12,12
2014-02-28,Aotizhongxin,1,119.500000,134.083333,77.416667,12,12,12
2014-02-28,Changping,0,47.416667,61.166667,42.833333,12,12,12
2014-02-28,Changping,1,142.416667,152.916667,76.166667,12,12,12
2014-02-28,Dingling,0,44.916667,33.583333,25.833333,12,12,12
2014-02-28,Dingling,1,108.166667,130.666667,69.250000,12,12,12
2014-02-28,Dongsi,0,64.666667,48.333333,59.416667,12,12,12
2014-02-28,Dongsi,1,92.500000,72.250000,50.750000,12,12,12
2014-03-01,Aotizhongxin,0,128.000000,137.916667,78.166667,12,12,12
2014-03-01,Aotizhongxin,1,33.916667,54.750000,37.833333,12,12,12
2014-03-01,Changping,0,85.750000,84.666667,53.750000,12,12,12
2014-03-01,Changping,1,34.000000,54.750000,36.833333,12,12,12
2014-03-01,Dingling,0,81.583333,59.333333,43.083333,12,12,12
2014-03-01,Dingling,1,16.583333,23.166667,9.083333,12,12,12
2014-03-01,Dongsi,0,104.250000,81.833333,75.166667,12,12,12
2014-03-01,Dongsi,1,38.666667,48.166667,32.916667,12,12,12
2014-03-02,Aotizhongxin,0,122.250000,153.333333,83.166667,12,12,12
2014-03-02,Aotizhongxin,1,152.333333,179.500000,99.166667,12,12,12
2014-03-02,Changping,0,105.750000,131.083333,65.583333,12,12,12
2014-03-02,Changping,1,135.583333,170.416667,82.500000,12,12,12
2014-03-02,Dingling,0,70.000000,88.083333,38.083333,12,12,12
2014-03-02,Dingling,1,108.250000,130.250000,59.500000,12,12,12
2014-03-02,Dongsi,0,114.833333,134.416667,74.833333,12,12,12
2014-03-02,Dongsi,1,152.500000,167.166667,88.166667,12,12,12
2014-03-03,Aotizhongxin,0,200.166667,221.416667,94.250000,12,12,12
2014-03-03,Aotizhongxin,1,247.833333,286.083333,102.083333,12,12,12
2014-03-03,Changping,0,200.416667,213.500000,84.090909,12,12,11
2014-03-03,Changping,1,260.833333,291.500000,99.833333,12,12,12
2014-03-03,Dingling,0,197.666667,213.416667,75.272727,12,12,11
2014-03-03,Dingling,1,253.333333,268.166667,95.083333,12,12,12
2014-03-03,Dongsi,0,197.500000,190.750000,86.750000,12,12,12
2014-03-03,Dongsi,1,246.666667,266.250000,95.916667,12,12,12
2014-03-04,Aotizhongxin,0,111.916667,122.416667,61.750000,12,12,12
2014-03-04,Aotizhongxin,1,7.166667,18.333333,17.250000,12,12,12
2014-03-04,Changping,0,85.250000,81.416667,46.250000,12,12,12
2014-03-04,Changping,1,8.750000,29.750000,21.083333,12,12,12
2014-03-04,Dingling,0,73.833333,69.166667,25.833333,12,12,12
2014-03-04,Dingling,1,4.916667,8.500000,2.166667,12,12,12
2014-03-04,Dongsi,0,99.916667,102.833333,51.416667,12,12,12
2014-03-04,Dongsi,1,5.818182,6.666667,16.583333,11,12,12
2014-03-05,Aotizhongxin,0,10.333333,17.500000,53.833333,12,12,12
2014-03-05,Aotizhongxin,1,30.750000,53.666667,37.416667,12,12,12
2014-03-05,Changping,0,14.583333,18.083333,36.750000,12,12,12
2014-03-05,Changping,1,16.833333,41.583333,28.250000,12,12,12
2014-03-05,Dingling,0,14.416667,31.833333,13.083333,12,12,12
2014-03-05,Dingling,1,12.583333,34.083333,6.500000,12,12,12
2014-03-05,Dongsi,0,13.083333,7.416667,40.666667,12,12,12
2014-03-05,Dongsi,1,32.416667,38.666667,29.750000,12,12,12
2014-03-06,Aotizhongxin,0,10.666667,18.000000,28.916667,12,12,12
2014-03-06,Aotizhongxin,1,16.750000,34.333333,32.416667,12,12,12
2014-03-06,Changping,0,15.000000,21.083333,24.750000,12,12,12
2014-03-06,Changping,1,27.666667,44.666667,30.500000,12,12,12
2014-03-06,Dingling,0,10.500000,18.250000,4.500000,12,12,12
2014-03-06,Dingling,1,16.500000,29.750000,6.333333,12,12,12
2014-03-06,Dongsi,0,10.583333,6.833333,23.750000,12,12,12
2014-03-06,Dongsi,1,23.750000,28.083333,33.166667,12,12,12
2014-03-07,Aotizhongxin,0,70.583333,100.583333,65.333333,12,12,12
2014-03-07,Aotizhongxin,1,33.666667,55.666667,49.916667,12,12,12
2014-03-07,Changping,0,32.416667,50.666667,37.916667,12,12,12
2014-03-07,Changping,1,35.750000,55.833333,46.166667,12,12,12
2014-03-07,Dingling,0,21.000000,32.333333,10.833333,12,12,12
2014-03-07,Dingling,1,32.000000,51.250000,26.833333,12,12,12
2014-03-07,Dongsi,0,71.583333,90.083333,59.250000,12,12,12
2014-03-07,Dongsi,1,38.833333,41.416667,39.500000,12,12,12
2014-03-08,Aotizhongxin,0,124.333333,159.000000,86.083333,12,12,12
2014-03-08,Aotizhongxin,1,170.500000,190.500000,107.583333,12,12,12
2014-03-08,Changping,0,96.500000,131.083333,71.166667,12,12,12
2014-03-08,Changping,1,109.500000,126.083333,69.166667,12,12,12
2014-03-08,Dingling,0,77.250000,98.666667,55.333333,12,12,12
2014-03-08,Dingling,1,99.666667,115.666667,55.083333,12,12,12
2014-03-08,Dongsi,0,126.416667,156.000000,78.000000,12,12,12
2014-03-08,Dongsi,1,162.666667,168.333333,93.333333,12,12,12
2014-03-09,Aotizhongxin,0,82.833333,100.666667,75.416667,12,12,12
2014-03-09,Aotizhongxin,1,110.583333,134.750000,74.666667,12,12,12
2014-03-09,Changping,0,62.416667,89.333333,46.416667,12,12,12
2014-03-09,Changping,1,126.583333,158.333333,74.500000,12,12,12
2014-03-09,Dingling,0,35.750000,51.083333,17.500000,12,12,12
2014-03-09,Dingling,1,134.083333,150.166667,60.083333,12,12,12
2014-03-09,Dongsi,0,86.583333,88.916667,70.250000,12,12,12
2014-03-09,Dongsi,1,106.916667,115.250000,61.416667,12,12,12
2014-03-10,Aotizhongxin,0,47.250000,64.750000,62.916667,12,12,12
2014-03-10,Aotizhongxin,1,114.833333,139.500000,90.416667,12,12,12
2014-03-10,Changping,0,49.000000,64.333333,55.250000,12,12,12
2014-03-10,Changping,1,111.083333,127.333333,70.916667,12,12,12
2014-03-10,Dingling,0,60.500000,78.333333,53.916667,12,12,12
2014-03-10,Dingling,1,110.166667,124.666667,59.250000,12,12,12
2014-03-10,Dongsi,0,49.500000,53.583333,59.583333,12,12,12
2014-03-10,Dongsi,1,110.333333,128.833333,74.333333,12,12,12
2014-03-11,Aotizhongxin,0,182.916667,229.416667,110.833333,12,12,12
2014-03-11,Aotizhongxin,1,128.416667,162.416667,64.666667,12,12,12
2014-03-11,Changping,0,138.083333,156.000000,73.750000,12,12,12
2014-03-11,Changping,1,143.166667,169.500000,94.166667,12,12,12
2014-03-11,Dingling,0,143.083333,150.916667,58.166667,12,12,12
2014-03-11,Dingling,1,128.583333,145.833333,52.166667,12,12,12
2014-03-11,Dongsi,0,213.750000,232.750000,101.500000,12,12,12
2014-03-11,Dongsi,1,143.166667,139.916667,60.916667,12,12,12
2014-03-12,Aotizhongxin,0,5.333333,10.500000,12.250000,12,12,12
2014-03-12,Aotizhongxin,1,15.166667,30.083333,32.250000,12,12,12
2014-03-12,Changping,0,4.833333,11.416667,55.916667,12,12,12
2014-03-12,Changping,1,16.750000,32.916667,65.333333,12,12,12
2014-03-12,Dingling,0,4.666667,8.666667,2.000000,12,12,12
2014-03-12,Dingling,1,7.916667,18.166667,3.583333,12,12,12
2014-03-12,Dongsi,0,7.500000,5.166667,13.166667,12,12,12
2014-03-12,Dongsi,1,18.083333,23.583333,32.500000,12,12,12
2014-03-13,Aotizhongxin,0,20.583333,32.500000,56.083333,12,12,12
2014-03-13,Aotizhongxin,1,25.083333,138.500000,28.916667,12,12,12
2014-03-13,Changping,0,14.250000,22.416667,56.416667,12,12,12
2014-03-13,Changping,1,21.666667,140.166667,26.583333,12,12,12
2014-03-13,Dingling,0,11.083333,17.916667,10.000000,12,12,12
2014-03-13,Dingling,1,16.166667,118.250000,6.500000,12,12,12
2014-03-13,Dongsi,0,20.750000,19.000000,52.833333,12,12,12
2014-03-13,Dongsi,1,25.333333,106.500000,22.333333,12,12,12
2014-03-14,Aotizhongxin,0,13.833333,80.416667,24.250000,12,12,12
2014-03-14,Aotizhongxin,1,30.583333,93.916667,40.000000,12,12,12
2014-03-14,Changping,0,17.666667,79.000000,40.666667,12,12,12
2014-03-14,Changping,1,32.916667,95.416667,35.500000,12,12,12
2014-03-14,Dingling,0,11.000000,61.916667,9.500000,12,12,12
2014-03-14,Dingling,1,36.666667,81.166667,22.666667,12,12,12
2014-03-14,Dongsi,0,13.250000,66.083333,26.416667,12,12,12
2014-03-14,Dongsi,1,29.583333,72.500000,29.166667,12,12,12
2014-03-15,Aotizhongxin,0,73.750000,172.000000,77.333333,12,12,12
2014-03-15,Aotizhongxin,1,129.250000,228.750000,120.750000,12,12,12
2014-03-15,Changping,0,62.083333,133.333333,52.500000,12,12,12
2014-03-15,Changping,1,115.583333,189.416667,93.583333,12,12,12
2014-03-15,Dingling,0,57.000000,102.750000,32.083333,12,12,12
2014-03-15,Dingling,1,105.083333,162.750000,65.583333,12,12,12
2014-03-15,Dongsi,0,76.500000,147.166667,72.166667,12,12,12
2014-03-15,Dongsi,1,130.166667,200.916667,102.750000,12,12,12
2014-03-16,Aotizhongxin,0,112.833333,222.416667,88.583333,12,12,12
2014-03-16,Aotizhongxin,1,114.500000,203.500000,55.500000,12,12,12
2014-03-16,Changping,0,129.583333,200.916667,87.416667,12,12,12
2014-03-16,Changping,1,36.583333,227.333333,56.916667,12,12,12
2014-03-16,Dingling,0,123.250000,159.250000,61.500000,12,12,12
2014-03-16,Dingling,1,116.166667,212.500000,43.083333,12,12,12
2014-03-16,Dongsi,0,110.750000,149.333333,86.583333,12,12,12
2014-03-16,Dongsi,1,119.500000,203.583333,47.916667,12,12,12
2014-03-17,Aotizhongxin,0,140.500000,281.333333,89.583333,12,12,12
2014-03-17,Aotizhongxin,1,28.666667,229.333333,21.416667,12,12,12
2014-03-17,Changping,0,47.166667,244.833333,69.583333,12,12,12
2014-03-17,Changping,1,25.416667,229.333333,22.583333,12,12,12
2014-03-17,Dingling,0,158.916667,354.416667,39.000000,12,12,12
2014-03-17,Dingling,1,25.333333,218.333333,2.916667,12,12,12
2014-03-17,Dongsi,0,144.833333,240.666667,84.416667,12,12,12
2014-03-17,Dongsi,1,30.833333,165.666667,20.333333,12,12,12
2014-03-18,Aotizhongxin,0,19.666667,80.166667,46.500000,12,12,12
2014-03-18,Aotizhongxin,1,55.750000,192.583333,41.916667,12,12,12
2014-03-18,Changping,0,17.416667,58.833333,37.916667,12,12,12
2014-03-18,Changping,1,51.583333,175.583333,30.416667,12,12,12
2014-03-18,Dingling,0,12.333333,50.333333,6.583333,12,12,12
2014-03-18,Dingling,1,51.583333,172.166667,23.500000,12,12,12
2014-03-18,Dongsi,0,16.833333,36.750000,37.416667,12,12,12
2014-03-18,Dongsi,1,56.666667,139.000000,34.833333,12,12,12
2014-03-19,Aotizhongxin,0,60.666667,118.000000,67.666667,12,12,12
2014-03-19,Aotizhongxin,1,45.166667,108.583333,38.916667,12,12,12
2014-03-19,Changping,0,56.000000,108.666667,52.250000,12,12,12
2014-03-19,Changping,1,27.250000,77.750000,15.250000,12,12,12
2014-03-19,Dingling,0,47.750000,72.583333,27.833333,12,12,12
2014-03-19,Dingling,1,24.333333,47.583333,7.166667,12,12,12
2014-03-19,Dongsi,0,50.000000,59.833333,51.750000,12,12,12
2014-03-19,Dongsi,1,43.833333,86.333333,38.083333,12,12,12
2014-03-20,Aotizhongxin,0,10.250000,25.583333,23.666667,12,12,12
2014-03-20,Aotizhongxin,1,13.500000,34.000000,22.750000,12,12,12
2014-03-20,Changping,0,9.833333,30.000000,22.916667,12,12,12
2014-03-20,Changping,1,10.250000,27.166667,13.083333,12,12,12
2014-03-20,Dingling,0,7.000000,11.666667,3.083333,12,12,12
2014-03-20,Dingling,1,7.166667,12.583333,2.000000,12,12,12
2014-03-20,Dongsi,0,7.250000,9.833333,18.583333,12,12,12
2014-03-20,Dongsi,1,13.666667,18.916667,29.500000,12,12,12
2014-03-21,Aotizhongxin,0,21.750000,68.166667,58.666667,12,12,12
2014-03-21,Aotizhongxin,1,34.083333,92.416667,46.750000,12,12,12
2014-03-21,Changping,0,14.416667,36.750000,42.250000,12,12,12
2014-03-21,Changping,1,25.750000,67.416667,28.750000,12,12,12
2014-03-21,Dingling,0,11.666667,24.000000,10.250000,12,12,12
2014-03-21,Dingling,1,24.416667,57.916667,14.666667,12,12,12
2014-03-21,Dongsi,0,14.166667,16.500000,47.666667,12,12,12
2014-03-21,Dongsi,1,35.333333,69.916667,34.833333,12,12,12
2014-03-22,Aotizhongxin,0,74.500000,192.916667,90.000000,12,12,12
2014-03-22,Aotizhongxin,1,40.500000,108.500000,46.916667,12,12,12
2014-03-22,Changping,0,37.916667,80.250000,33.416667,12,12,12
2014-03-22,Changping,1,24.916667,84.833333,24.750000,12,12,12
2014-03-22,Dingling,0,30.833333,55.500000,13.916667,12,12,12
2014-03-22,Dingling,1,16.416667,41.166667,6.666667,12,12,12
2014-03-22,Dongsi,0,75.583333,163.583333,77.500000,12,12,12
2014-03-22,Dongsi,1,45.083333,107.166667,37.083333,12,12,12
2014-03-23,Aotizhongxin,0,114.666667,184.083333,100.833333,12,12,12
2014-03-23,Aotizhongxin,1,148.666667,189.000000,73.500000,12,12,12
2014-03-23,Changping,0,103.750000,188.833333,49.333333,12,12,12
2014-03-23,Changping,1,164.000000,211.500000,54.750000,12,12,12
2014-03-23,Dingling,0,95.250000,152.333333,32.250000,12,12,12
2014-03-23,Dingling,1,146.083333,170.750000,37.916667,12,12,12
2014-03-23,Dongsi,0,123.750000,174.500000,82.000000,12,12,12
2014-03-23,Dongsi,1,160.250000,179.166667,50.750000,12,12,12
2014-03-24,Aotizhongxin,0,246.500000,273.250000,120.333333,12,12,12
2014-03-24,Aotizhongxin,1,213.583333,264.000000,110.333333,12,12,12
2014-03-24,Changping,0,217.083333,242.916667,74.500000,12,12,12
2014-03-24,Changping,1,218.000000,238.166667,76.416667,12,12,12
2014-03-24,Dingling,0,207.166667,214.416667,45.083333,12,12,12
2014-03-24,Dingling,1,214.416667,236.416667,65.500000,12,12,12
2014-03-24,Dongsi,0,253.166667,269.750000,105.083333,12,12,12
2014-03-24,Dongsi,1,214.416667,253.500000,89.583333,12,12,12
2014-03-25,Aotizhongxin,0,244.916667,284.000000,135.916667,12,12,12
2014-03-25,Aotizhongxin,1,186.000000,226.000000,92.666667,12,12,12
2014-03-25,Changping,0,206.250000,234.333333,84.666667,12,12,12
2014-03-25,Changping,1,224.583333,258.333333,76.500000,12,12,12
2014-03-25,Dingling,0,204.750000,192.000000,40.083333,12,12,12
2014-03-25,Dingling,1,220.363636,251.181818,45.416667,11,11,12
2014-03-25,Dongsi,0,234.083333,280.250000,113.333333,12,12,12
2014-03-25,Dongsi,1,167.250000,202.500000,72.083333,12,12,12
2014-03-26,Aotizhongxin,0,252.416667,316.166667,137.166667,12,12,12
2014-03-26,Aotizhongxin,1,323.750000,376.333333,112.250000,12,12,12
2014-03-26,Changping,0,198.500000,235.583333,104.000000,12,12,12
2014-03-26,Changping,1,293.333333,327.750000,85.750000,12,12,12
2014-03-26,Dingling,0,189.166667,189.000000,31.000000,12,12,12
2014-03-26,Dingling,1,289.166667,302.916667,60.500000,12,12,12
2014-03-26,Dongsi,0,256.083333,306.000000,131.083333,12,12,12
2014-03-26,Dongsi,1,332.500000,364.750000,97.583333,12,12,12
2014-03-27,Aotizhongxin,0,334.583333,393.500000,128.000000,12,12,12
2014-03-27,Aotizhongxin,1,156.416667,191.666667,83.750000,12,12,12
2014-03-27,Changping,0,340.500000,329.666667,93.250000,12,12,12
2014-03-27,Changping,1,179.583333,214.833333,78.166667,12,12,12
2014-03-27,Dingling,0,359.333333,309.166667,52.416667,12,12,12
2014-03-27,Dingling,1,213.166667,262.333333,62.666667,12,12,12
2014-03-27,Dongsi,0,358.000000,404.750000,147.181818,12,12,11
2014-03-27,Dongsi,1,156.181818,210.545455,89.272727,11,11,11
2014-03-28,Aotizhongxin,0,135.083333,185.000000,70.583333,12,12,12
2014-03-28,Aotizhongxin,1,110.750000,134.000000,59.500000,12,12,12
2014-03-28,Changping,0,119.500000,156.666667,62.916667,12,12,12
2014-03-28,Changping,1,96.166667,126.833333,37.000000,12,12,12
2014-03-28,Dingling,0,123.083333,126.333333,31.166667,12,12,12
2014-03-28,Dingling,1,87.666667,142.500000,17.083333,12,12,12
2014-03-28,Dongsi,0,144.500000,183.833333,77.583333,12,12,12
2014-03-28,Dongsi,1,113.000000,139.083333,55.666667,12,12,12
2014-03-29,Aotizhongxin,0,48.500000,60.250000,42.333333,12,12,12
2014-03-29,Aotizhongxin,1,33.166667,73.666667,31.500000,12,12,12
2014-03-29,Changping,0,16.250000,44.500000,14.083333,12,12,12
2014-03-29,Changping,1,25.333333,56.416667,29.166667,12,12,12
2014-03-29,Dingling,0,18.500000,61.833333,2.416667,12,12,12
2014-03-29,Dingling,1,21.750000,53.250000,8.750000,12,12,12
2014-03-29,Dongsi,0,53.833333,83.083333,42.083333,12,12,12
2014-03-29,Dongsi,1,30.500000,83.083333,30.333333,12,12,12
2014-03-30,Aotizhongxin,0,46.750000,116.666667,85.833333,12,12,12
2014-03-30,Aotizhongxin,1,25.666667,69.500000,52.083333,12,12,12
2014-03-30,Changping,0,20.333333,35.416667,33.750000,12,12,12
2014-03-30,Changping,1,26.083333,67.916667,40.833333,12,12,12
2014-03-30,Dingling,0,16.416667,34.500000,11.250000,12,12,12
2014-03-30,Dingling,1,24.000000,56.333333,17.833333,12,12,12
2014-03-30,Dongsi,0,40.666667,99.916667,72.333333,12,12,12
2014-03-30,Dongsi,1,25.333333,56.416667,38.083333,12,12,12
2014-03-31,Aotizhongxin,0,142.583333,221.750000,97.583333,12,12,12
2014-03-31,Aotizhongxin,1,146.250000,166.583333,80.000000,12,12,12
2014-03-31,Changping,0,96.666667,171.083333,70.666667,12,12,12
2014-03-31,Changping,1,91.333333,121.166667,48.416667,12,12,12
2014-03-31,Dingling,0,84.750000,136.250000,41.833333,12,12,12
2014-03-31,Dingling,1,57.916667,74.000000,20.083333,12,12,12
2014-03-31,Dongsi,0,147.166667,217.166667,88.363636,12,12,11
2014-03-31,Dongsi,1,152.166667,175.416667,73.500000,12,12,12
2014-04-01,Aotizhongxin,0,149.833333,152.666667,84.166667,12,12,12
2014-04-01,Aotizhongxin,1,81.166667,86.250000,67.083333,12,12,12
2014-04-01,Changping,0,105.250000,102.250000,35.333333,12,12,12
2014-04-01,Changping,1,84.083333,84.916667,44.083333,12,12,12
2014-04-01,Dingling,0,84.083333,90.333333,24.166667,12,12,12
2014-04-01,Dingling,1,92.500000,97.333333,25.333333,12,12,12
2014-04-01,Dongsi,0,154.416667,159.333333,76.833333,12,12,12
2014-04-01,Dongsi,1,90.583333,86.833333,45.000000,12,12,12
2014-04-02,Aotizhongxin,0,116.166667,158.833333,87.333333,12,12,12
2014-04-02,Aotizhongxin,1,87.166667,172.166667,47.500000,12,12,12
2014-04-02,Changping,0,67.000000,90.916667,48.272727,12,12,11
2014-04-02,Changping,1,88.250000,180.750000,35.583333,12,12,12
2014-04-02,Dingling,0,60.166667,76.166667,18.000000,12,12,11
2014-04-02,Dingling,1,94.636364,207.666667,17.333333,11,12,12
2014-04-02,Dongsi,0,123.083333,175.166667,68.750000,12,12,12
2014-04-02,Dongsi,1,97.833333,176.500000,37.166667,12,12,12
2014-04-03,Aotizhongxin,0,35.750000,87.333333,51.166667,12,12,12
2014-04-03,Aotizhongxin,1,16.250000,111.666667,35.416667,12,12,12
2014-04-03,Changping,0,32.833333,68.083333,31.916667,12,12,12
2014-04-03,Changping,1,13.583333,66.750000,21.750000,12,12,12
2014-04-03,Dingling,0,33.333333,59.250000,11.000000,12,12,12
2014-04-03,Dingling,1,9.333333,43.916667,5.666667,12,12,12
2014-04-03,Dongsi,0,26.666667,55.250000,33.083333,12,12,12
2014-04-03,Dongsi,1,13.083333,102.166667,27.333333,12,12,12
2014-04-04,Aotizhongxin,0,44.500000,162.916667,60.416667,12,12,12
2014-04-04,Aotizhongxin,1,22.416667,125.916667,30.250000,12,12,12
2014-04-04,Changping,0,41.000000,152.083333,56.666667,12,12,12
2014-04-04,Changping,1,16.181818,85.666667,11.166667,11,12,12
2014-04-04,Dingling,0,35.416667,117.916667,30.166667,12,12,12
2014-04-04,Dingling,1,16.750000,95.833333,2.750000,12,12,12
2014-04-04,Dongsi,0,39.750000,147.166667,45.000000,12,12,12
2014-04-04,Dongsi,1,22.666667,124.166667,26.250000,12,12,12
2014-04-05,Aotizhongxin,0,24.250000,106.583333,49.083333,12,12,12
2014-04-05,Aotizhongxin,1,28.166667,98.083333,28.916667,12,12,12
2014-04-05,Changping,0,7.500000,41.333333,9.250000,12,12,12
2014-04-05,Changping,1,22.083333,72.083333,21.166667,12,12,12
2014-04-05,Dingling,0,7.583333,44.416667,2.416667,12,12,12
2014-04-05,Dingling,1,17.416667,54.083333,9.416667,12,12,12
2014-04-05,Dongsi,0,21.250000,82.000000,32.083333,12,12,12
2014-04-05,Dongsi,1,26.333333,97.083333,21.666667,12,12,12
2014-04-06,Aotizhongxin,0,69.916667,190.000000,91.833333,12,12,12
2014-04-06,Aotizhongxin,1,51.250000,171.250000,39.916667,12,12,12
2014-04-06,Changping,0,39.500000,99.916667,68.583333,12,12,12
2014-04-06,Changping,1,48.583333,130.583333,36.916667,12,12,12
2014-04-06,Dingling,0,20.750000,47.416667,19.416667,12,12,12
2014-04-06,Dingling,1,43.250000,113.416667,27.583333,12,12,12
2014-04-06,Dongsi,0,62.166667,154.166667,73.083333,12,12,12
2014-04-06,Dongsi,1,48.833333,134.666667,31.583333,12,12,12
2014-04-07,Aotizhongxin,0,79.833333,207.000000,84.166667,12,12,12
2014-04-07,Aotizhongxin,1,117.250000,203.166667,82.250000,12,12,12
2014-04-07,Changping,0,67.333333,149.250000,46.750000,12,12,12
2014-04-07,Changping,1,168.750000,183.583333,56.000000,12,12,12
2014-04-07,Dingling,0,69.250000,132.916667,28.333333,12,12,12
2014-04-07,Dingling,1,108.583333,169.750000,41.916667,12,12,12
2014-04-07,Dongsi,0,80.333333,172.000000,54.500000,12,12,12
2014-04-07,Dongsi,1,121.166667,180.750000,56.583333,12,12,12
2014-04-08,Aotizhongxin,0,182.583333,272.916667,128.833333,12,12,12
2014-04-08,Aotizhongxin,1,178.000000,246.833333,66.666667,12,12,12
2014-04-08,Changping,0,161.666667,214.750000,77.636364,12,12,11
2014-04-08,Changping,1,246.636364,254.583333,66.000000,11,12,12
2014-04-08,Dingling,0,158.166667,180.000000,37.454545,12,12,11
2014-04-08,Dingling,1,208.416667,246.000000,54.166667,12,12,12
2014-04-08,Dongsi,0,186.416667,293.000000,114.416667,12,12,12
2014-04-08,Dongsi,1,159.333333,198.416667,48.666667,12,12,12
2014-04-09,Aotizhongxin,0,164.583333,237.083333,91.636364,12,12,11
2014-04-09,Aotizhongxin,1,82.750000,268.916667,35.916667,12,12,12
2014-04-09,Changping,0,186.090909,209.545455,62.909091,11,11,11
2014-04-09,Changping,1,152.333333,265.500000,17.000000,12,12,12
2014-04-09,Dingling,0,182.000000,201.916667,35.666667,12,12,12
2014-04-09,Dingling,1,87.333333,238.916667,15.583333,12,12,12
2014-04-09,Dongsi,0,159.500000,188.916667,62.000000,12,12,12
2014-04-09,Dongsi,1,67.250000,259.000000,30.500000,12,12,12
2014-04-10,Aotizhongxin,0,125.416667,489.583333,61.833333,12,12,12
2014-04-10,Aotizhongxin,1,90.916667,293.000000,53.416667,12,12,12
2014-04-10,Changping,0,129.416667,436.083333,51.833333,12,12,12
2014-04-10,Changping,1,106.000000,314.583333,49.666667,12,12,12
2014-04-10,Dingling,0,97.000000,408.333333,42.416667,12,12,12
2014-04-10,Dingling,1,63.545455,309.363636,43.727273,11,11,11
2014-04-10,Dongsi,0,90.083333,506.833333,47.250000,12,12,12
2014-04-10,Dongsi,1,56.666667,292.750000,45.333333,12,12,12
2014-04-11,Aotizhongxin,0,68.916667,138.666667,79.666667,12,12,12
2014-04-11,Aotizhongxin,1,75.833333,92.666667,62.666667,12,12,12
2014-04-11,Changping,0,63.666667,142.083333,48.750000,12,12,12
2014-04-11,Changping,1,75.166667,88.916667,52.000000,12,12,12
2014-04-11,Dingling,0,53.166667,139.500000,49.666667,12,12,12
2014-04-11,Dingling,1,54.416667,75.166667,40.000000,12,12,12
2014-04-11,Dongsi,0,57.083333,130.166667,66.500000,12,12,12
2014-04-11,Dongsi,1,54.833333,72.916667,52.416667,12,12,12
2014-04-12,Aotizhongxin,0,105.250000,155.750000,95.181818,12,12,11
2014-04-12,Aotizhongxin,1,113.250000,153.333333,81.333333,12,12,12
2014-04-12,Changping,0,79.666667,100.083333,48.333333,12,12,12
2014-04-12,Changping,1,119.833333,145.166667,57.000000,12,12,12
2014-04-12,Dingling,0,67.166667,78.500000,32.583333,12,12,12
2014-04-12,Dingling,1,102.083333,124.000000,46.000000,12,12,12
2014-04-12,Dongsi,0,108.666667,162.000000,96.750000,12,12,12
2014-04-12,Dongsi,1,106.500000,122.916667,58.416667,12,12,12
2014-04-13,Aotizhongxin,0,153.416667,208.750000,97.500000,12,12,12
2014-04-13,Aotizhongxin,1,187.833333,222.250000,78.166667,12,12,12
2014-04-13,Changping,0,127.083333,151.166667,71.416667,12,12,12
2014-04-13,Changping,1,190.000000,219.916667,57.916667,12,12,12
2014-04-13,Dingling,0,109.333333,123.333333,47.166667,12,12,12
2014-04-13,Dingling,1,186.333333,194.666667,48.833333,12,12,12
2014-04-13,Dongsi,0,148.666667,198.166667,82.250000,12,12,12
2014-04-13,Dongsi,1,172.250000,191.000000,55.000000,12,12,12
2014-04-14,Aotizhongxin,0,247.083333,281.500000,109.250000,12,12,12
2014-04-14,Aotizhongxin,1,233.833333,253.666667,68.583333,12,12,12
2014-04-14,Changping,0,214.833333,240.166667,66.000000,12,12,12
2014-04-14,Changping,1,241.250000,268.500000,57.666667,12,12,12
2014-04-14,Dingling,0,220.000000,200.250000,36.416667,12,12,12
2014-04-14,Dingling,1,303.250000,254.333333,52.583333,12,12,12
2014-04-14,Dongsi,0,236.500000,278.818182,104.416667,12,11,12
2014-04-14,Dongsi,1,229.250000,237.090909,66.083333,12,11,12
2014-04-15,Aotizhongxin,0,108.250000,170.750000,67.444444,12,12,9
2014-04-15,Aotizhongxin,1,72.583333,149.333333,54.666667,12,12,12
2014-04-15,Changping,0,188.750000,212.750000,82.583333,12,12,12
2014-04-15,Changping,1,78.750000,150.833333,42.666667,12,12,12
2014-04-15,Dingling,0,224.000000,202.000000,38.083333,12,12,12
2014-04-15,Dingling,1,76.083333,119.750000,36.666667,12,12,12
2014-04-15,Dongsi,0,66.916667,119.833333,66.833333,12,12,12
2014-04-15,Dongsi,1,47.083333,156.500000,48.166667,12,12,12
2014-04-16,Aotizhongxin,0,64.083333,120.166667,77.750000,12,12,12
2014-04-16,Aotizhongxin,1,63.666667,131.833333,86.500000,12,12,12
2014-04-16,Changping,0,56.250000,121.166667,60.500000,12,12,12
2014-04-16,Changping,1,133.500000,119.833333,76.416667,12,12,12
2014-04-16,Dingling,0,50.833333,91.666667,40.583333,12,12,12
2014-04-16,Dingling,1,62.833333,85.916667,54.000000,12,12,12
2014-04-16,Dongsi,0,33.083333,104.250000,66.083333,12,12,12
2014-04-16,Dongsi,1,61.000000,124.000000,68.000000,12,12,12
2014-04-17,Aotizhongxin,0,97.000000,202.333333,106.333333,12,12,12
2014-04-17,Aotizhongxin,1,99.833333,117.583333,57.750000,12,12,12
2014-04-17,Changping,0,80.083333,115.500000,67.000000,12,12,12
2014-04-17,Changping,1,110.916667,86.250000,37.250000,12,12,12
2014-04-17,Dingling,0,74.500000,103.583333,47.833333,12,12,12
2014-04-17,Dingling,1,98.416667,67.916667,25.166667,12,12,12
2014-04-17,Dongsi,0,93.083333,141.083333,107.833333,12,12,12
2014-04-17,Dongsi,1,95.416667,105.333333,55.416667,12,12,12
2014-04-18,Aotizhongxin,0,143.333333,166.166667,80.000000,12,12,12
2014-04-18,Aotizhongxin,1,123.416667,144.750000,66.833333,12,12,12
2014-04-18,Changping,0,146.500000,123.250000,57.083333,12,12,12
2014-04-18,Changping,1,180.166667,120.500000,48.500000,12,12,12
2014-04-18,Dingling,0,139.166667,90.416667,32.833333,12,12,12
2014-04-18,Dingling,1,139.916667,107.250000,47.833333,12,12,12
2014-04-18,Dongsi,0,131.250000,154.166667,77.750000,12,12,12
2014-04-18,Dongsi,1,125.833333,129.916667,49.750000,12,12,12
2014-04-19,Aotizhongxin,0,68.250000,131.583333,102.583333,12,12,12
2014-04-19,Aotizhongxin,1,56.750000,92.500000,62.833333,12,12,12
2014-04-19,Changping,0,85.000000,96.500000,66.750000,12,12,12
2014-04-19,Changping,1,98.000000,80.083333,47.083333,12,12,12
2014-04-19,Dingling,0,70.416667,82.083333,58.250000,12,12,12
2014-04-19,Dingling,1,55.166667,62.750000,43.416667,12,12,12
2014-04-19,Dongsi,0,69.333333,109.666667,86.833333,12,12,12
2014-04-19,Dongsi,1,57.166667,64.416667,44.166667,12,12,12
2014-04-20,Aotizhongxin,0,88.000000,118.000000,88.416667,12,12,12
2014-04-20,Aotizhongxin,1,45.833333,86.500000,54.916667,12,12,12
2014-04-20,Changping,0,72.500000,56.416667,41.500000,12,12,12
2014-04-20,Changping,1,46.333333,73.333333,36.083333,12,12,12
2014-04-20,Dingling,0,48.583333,37.916667,22.500000,12,12,12
2014-04-20,Dingling,1,14.250000,24.833333,16.083333,12,12,12
2014-04-20,Dongsi,0,84.083333,107.666667,77.916667,12,12,12
2014-04-20,Dongsi,1,59.916667,58.750000,33.583333,12,12,12
2014-04-21,Aotizhongxin,0,74.500000,141.166667,93.166667,12,12,12
2014-04-21,Aotizhongxin,1,42.083333,95.583333,45.250000,12,12,12
2014-04-21,Changping,0,48.333333,60.000000,43.500000,12,12,12
2014-04-21,Changping,1,63.750000,60.166667,32.916667,12,12,12
2014-04-21,Dingling,0,15.583333,21.750000,12.250000,12,12,12
2014-04-21,Dingling,1,26.416667,43.833333,13.083333,12,12,12
2014-04-21,Dongsi,0,95.083333,110.583333,81.916667,12,12,12
2014-04-21,Dongsi,1,81.166667,65.833333,33.000000,12,12,12
2014-04-22,Aotizhongxin,0,71.666667,131.833333,101.000000,12,12,12
2014-04-22,Aotizhongxin,1,68.000000,157.583333,48.166667,12,12,12
2014-04-22,Changping,0,44.166667,61.916667,49.833333,12,12,12
2014-04-22,Changping,1,61.916667,89.666667,33.916667,12,12,12
2014-04-22,Dingling,0,24.416667,32.583333,12.250000,12,12,12
2014-04-22,Dingling,1,56.250000,92.500000,20.500000,12,12,12
2014-04-22,Dongsi,0,75.333333,104.083333,75.166667,12,12,12
2014-04-22,Dongsi,1,85.666667,106.000000,37.750000,12,12,12
2014-04-23,Aotizhongxin,0,120.166667,195.333333,53.916667,12,12,12
2014-04-23,Aotizhongxin,1,149.250000,190.916667,43.333333,12,12,12
2014-04-23,Changping,0,93.833333,124.916667,41.750000,12,12,12
2014-04-23,Changping,1,137.416667,135.083333,42.500000,12,12,12
2014-04-23,Dingling,0,71.416667,98.666667,25.000000,12,12,12
2014-04-23,Dingling,1,152.500000,135.416667,30.416667,12,12,12
2014-04-23,Dongsi,0,107.583333,150.250000,44.083333,12,12,12
2014-04-23,Dongsi,1,136.166667,152.166667,31.916667,12,12,12
2014-04-24,Aotizhongxin,0,97.500000,126.916667,48.666667,12,12,12
2014-04-24,Aotizhongxin,1,139.250000,164.750000,48.333333,12,12,12
2014-04-24,Changping,0,91.916667,106.916667,47.083333,12,12,12
2014-04-24,Changping,1,150.416667,161.666667,56.500000,12,12,12
2014-04-24,Dingling,0,84.500000,91.583333,26.833333,12,12,12
2014-04-24,Dingling,1,154.583333,154.083333,35.833333,12,12,12
2014-04-24,Dongsi,0,89.833333,118.833333,39.666667,12,12,12
2014-04-24,Dongsi,1,122.333333,136.750000,40.833333,12,12,12
2014-04-25,Aotizhongxin,0,156.250000,195.250000,132.416667,12,12,12
2014-04-25,Aotizhongxin,1,132.000000,235.000000,52.916667,12,12,12
2014-04-25,Changping,0,156.333333,157.833333,82.083333,12,12,12
2014-04-25,Changping,1,195.333333,251.166667,39.916667,12,12,12
2014-04-25,Dingling,0,151.250000,152.333333,37.416667,12,12,12
2014-04-25,Dingling,1,138.833333,212.750000,20.333333,12,12,12
2014-04-25,Dongsi,0,135.083333,183.166667,110.500000,12,12,12
2014-04-25,Dongsi,1,147.000000,236.083333,47.166667,12,12,12
2014-04-26,Aotizhongxin,0,50.083333,74.416667,29.166667,12,12,12
2014-04-26,Aotizhongxin,1,161.500000,161.500000,13.400000,4,4,5
2014-04-26,Changping,0,104.000000,107.416667,27.166667,12,12,12
2014-04-26,Changping,1,143.800000,143.800000,20.400000,5,5,5
2014-04-26,Dingling,0,31.916667,42.333333,18.500000,12,12,12
2014-04-26,Dingling,1,37.916667,67.666667,16.000000,12,12,12
2014-04-26,Dongsi,0,14.833333,57.250000,25.833333,12,12,12
2014-04-26,Dongsi,1,50.583333,120.916667,32.250000,12,12,12
2014-04-27,Aotizhongxin,0,,,,0,0,0
2014-04-27,Aotizhongxin,1,,,,0,0,0
2014-04-27,Changping,0,,,,0,0,0
2014-04-27,Changping,1,,,,0,0,0
2014-04-27,Dingling,0,50.083333,35.166667,23.583333,12,12,12
2014-04-27,Dingling,1,68.250000,76.500000,18.250000,12,12,12
2014-04-27,Dongsi,0,52.333333,94.083333,52.545455,12,12,11
2014-04-27,Dongsi,1,72.750000,112.416667,32.083333,12,12,12
2014-04-28,Aotizhongxin,0,,,,0,0,0
2014-04-28,Aotizhongxin,1,,,,0,0,0
2014-04-28,Changping,0,,,,0,0,0
2014-04-28,Changping,1,,,,0,0,0
2014-04-28,Dingling,0,99.500000,86.250000,30.750000,12,12,12
2014-04-28,Dingling,1,80.363636,59.545455,20.833333,11,11,12
2014-04-28,Dongsi,0,42.454545,99.583333,59.166667,11,12,12
2014-04-28,Dongsi,1,46.545455,94.363636,31.250000,11,11,12
2014-04-29,Aotizhongxin,0,126.000000,163.000000,83.333333,3,3,3
2014-04-29,Aotizhongxin,1,110.727273,145.916667,52.000000,11,12,12
2014-04-29,Changping,0,87.000000,167.000000,87.666667,3,3,3
2014-04-29,Changping,1,94.250000,149.833333,53.916667,12,12,12
2014-04-29,Dingling,0,84.200000,72.300000,26.666667,10,10,9
2014-04-29,Dingling,1,,,,0,0,0
2014-04-29,Dongsi,0,75.500000,164.166667,84.166667,12,12,12
2014-04-29,Dongsi,1,87.300000,139.900000,41.666667,10,10,12
2014-04-30,Aotizhongxin,0,124.818182,193.583333,101.181818,11,12,11
2014-04-30,Aotizhongxin,1,118.750000,160.583333,55.333333,12,12,12
2014-04-30,Changping,0,101.333333,149.916667,77.166667,12,12,12
2014-04-30,Changping,1,106.833333,171.083333,46.166667,12,12,12
2014-04-30,Dingling,0,110.666667,129.000000,48.333333,3,3,3
2014-04-30,Dingling,1,100.166667,111.666667,24.000000,12,12,12
2014-04-30,Dongsi,0,110.583333,110.583333,74.363636,12,12,11
2014-04-30,Dongsi,1,73.363636,150.909091,29.916667,11,11,12
2014-05-01,Aotizhongxin,0,136.666667,191.250000,83.333333,12,12,12
2014-05-01,Aotizhongxin,1,115.000000,206.583333,24.583333,12,12,12
2014-05-01,Changping,0,118.750000,164.666667,54.833333,12,12,12
2014-05-01,Changping,1,111.333333,238.166667,37.083333,12,12,12
2014-05-01,Dingling,0,107.583333,118.916667,28.000000,12,12,12
2014-05-01,Dingling,1,111.333333,126.666667,20.500000,12,12,12
2014-05-01,Dongsi,0,127.833333,194.666667,42.833333,12,12,12
2014-05-01,Dongsi,1,98.333333,187.916667,21.166667,12,12,12
2014-05-02,Aotizhongxin,0,43.833333,59.833333,13.750000,12,12,12
2014-05-02,Aotizhongxin,1,34.583333,58.333333,32.083333,12,12,12
2014-05-02,Changping,0,25.166667,54.500000,18.545455,12,12,11
2014-05-02,Changping,1,15.166667,41.250000,32.750000,12,12,12
2014-05-02,Dingling,0,25.583333,21.666667,4.090909,12,12,11
2014-05-02,Dingling,1,11.583333,49.416667,5.583333,12,12,12
2014-05-02,Dongsi,0,19.583333,44.833333,14.083333,12,12,12
2014-05-02,Dongsi,1,12.583333,48.916667,27.166667,12,12,12
2014-05-03,Aotizhongxin,0,58.500000,112.916667,79.181818,12,12,11
2014-05-03,Aotizhongxin,1,59.083333,263.333333,15.416667,12,12,12
2014-05-03,Changping,0,22.333333,49.333333,57.750000,12,12,12
2014-05-03,Changping,1,33.916667,170.333333,36.666667,12,12,12
2014-05-03,Dingling,0,13.916667,21.166667,15.416667,12,12,12
2014-05-03,Dingling,1,28.166667,77.083333,13.416667,12,12,12
2014-05-03,Dongsi,0,36.916667,106.416667,70.000000,12,12,11
2014-05-03,Dongsi,1,35.833333,221.250000,13.000000,12,12,12
2014-05-04,Aotizhongxin,0,43.916667,59.916667,13.166667,12,12,12
2014-05-04,Aotizhongxin,1,34.250000,56.916667,23.166667,12,12,12
2014-05-04,Changping,0,28.416667,69.583333,22.833333,12,12,12
2014-05-04,Changping,1,16.500000,56.500000,20.500000,12,12,12
2014-05-04,Dingling,0,23.750000,26.500000,2.500000,12,12,12
2014-05-04,Dingling,1,14.583333,40.583333,3.833333,12,12,12
2014-05-04,Dongsi,0,27.090909,54.909091,11.181818,11,11,11
2014-05-04,Dongsi,1,36.000000,75.583333,16.750000,12,12,12
2014-05-05,Aotizhongxin,0,50.500000,68.916667,55.666667,12,12,12
2014-05-05,Aotizhongxin,1,30.416667,51.750000,32.833333,12,12,12
2014-05-05,Changping,0,13.583333,36.750000,29.636364,12,12,11
2014-05-05,Changping,1,21.250000,49.666667,33.166667,12,12,12
2014-05-05,Dingling,0,11.000000,15.454545,5.200000,11,11,10
2014-05-05,Dingling,1,16.666667,37.000000,11.333333,12,12,12
2014-05-05,Dongsi,0,16.500000,58.166667,41.416667,12,12,12
2014-05-05,Dongsi,1,13.500000,55.166667,23.250000,12,12,12
2014-05-06,Aotizhongxin,0,75.100000,92.900000,67.555556,10,10,9
2014-05-06,Aotizhongxin,1,112.909091,173.750000,64.000000,11,12,12
2014-05-06,Changping,0,47.083333,76.000000,66.500000,12,12,12
2014-05-06,Changping,1,85.166667,124.000000,56.916667,12,12,12
2014-05-06,Dingling,0,40.416667,52.000000,26.916667,12,12,12
2014-05-06,Dingling,1,73.200000,109.300000,36.583333,10,10,12
2014-05-06,Dongsi,0,54.083333,109.333333,61.200000,12,12,10
2014-05-06,Dongsi,1,109.888889,185.818182,57.166667,9,11,12
2014-05-07,Aotizhongxin,0,105.750000,188.583333,79.333333,12,12,12
2014-05-07,Aotizhongxin,1,36.750000,70.583333,29.666667,12,12,12
2014-05-07,Changping,0,69.250000,93.166667,43.250000,12,12,12
2014-05-07,Changping,1,17.250000,46.500000,27.666667,12,12,12
2014-05-07,Dingling,0,67.400000,58.000000,20.900000,10,10,10
2014-05-07,Dingling,1,18.333333,42.333333,7.083333,12,12,12
2014-05-07,Dongsi,0,115.500000,179.750000,72.500000,12,12,12
2014-05-07,Dongsi,1,28.250000,72.250000,20.583333,12,12,12
2014-05-08,Aotizhongxin,0,114.583333,167.500000,80.583333,12,12,12
2014-05-08,Aotizhongxin,1,68.916667,118.416667,40.916667,12,12,12
2014-05-08,Changping,0,45.666667,77.000000,38.181818,12,12,11
2014-05-08,Changping,1,59.583333,86.000000,27.166667,12,12,12
2014-05-08,Dingling,0,35.416667,81.416667,21.545455,12,12,11
2014-05-08,Dingling,1,59.833333,62.750000,23.000000,12,12,12
2014-05-08,Dongsi,0,109.916667,128.333333,49.583333,12,12,12
2014-05-08,Dongsi,1,69.083333,104.250000,33.916667,12,12,12
2014-05-09,Aotizhongxin,0,72.666667,123.166667,66.090909,12,12,11
2014-05-09,Aotizhongxin,1,56.416667,115.000000,49.416667,12,12,12
2014-05-09,Changping,0,60.583333,87.000000,41.416667,12,12,12
2014-05-09,Changping,1,56.250000,94.750000,48.500000,12,12,12
2014-05-09,Dingling,0,53.500000,75.833333,33.416667,12,12,12
2014-05-09,Dingling,1,51.500000,73.166667,37.333333,12,12,12
2014-05-09,Dongsi,0,77.250000,122.083333,62.166667,12,12,12
2014-05-09,Dongsi,1,55.250000,110.916667,42.166667,12,12,12
2014-05-10,Aotizhongxin,0,49.666667,87.583333,50.833333,12,12,12
2014-05-10,Aotizhongxin,1,63.500000,107.500000,61.666667,12,12,12
2014-05-10,Changping,0,42.250000,72.416667,46.500000,12,12,12
2014-05-10,Changping,1,51.833333,77.333333,42.750000,12,12,12
2014-05-10,Dingling,0,56.500000,90.333333,34.750000,12,12,12
2014-05-10,Dingling,1,48.750000,61.583333,25.500000,12,12,12
2014-05-10,Dongsi,0,43.000000,86.166667,40.916667,12,12,12
2014-05-10,Dongsi,1,59.833333,105.166667,57.916667,12,12,12
2014-05-11,Aotizhongxin,0,34.500000,38.333333,34.333333,12,12,12
2014-05-11,Aotizhongxin,1,15.000000,18.583333,30.750000,12,12,12
2014-05-11,Changping,0,28.416667,32.416667,22.000000,12,12,11
2014-05-11,Changping,1,16.500000,20.500000,32.500000,12,12,12
2014-05-11,Dingling,0,22.416667,29.583333,11.727273,12,12,11
2014-05-11,Dingling,1,15.916667,17.833333,10.500000,12,12,12
2014-05-11,Dongsi,0,29.666667,33.416667,26.416667,12,12,12
2014-05-11,Dongsi,1,9.666667,18.750000,25.083333,12,12,12
2014-05-12,Aotizhongxin,0,40.363636,47.636364,64.818182,11,11,11
2014-05-12,Aotizhongxin,1,37.818182,110.333333,40.000000,11,12,12
2014-05-12,Changping,0,36.000000,50.083333,34.083333,12,12,12
2014-05-12,Changping,1,26.900000,70.090909,30.916667,10,11,12
2014-05-12,Dingling,0,35.500000,29.166667,21.583333,12,12,12
2014-05-12,Dingling,1,20.583333,58.916667,16.666667,12,12,12
2014-05-12,Dongsi,0,41.083333,48.250000,55.916667,12,12,12
2014-05-12,Dongsi,1,55.583333,89.416667,27.666667,12,12,12
2014-05-13,Aotizhongxin,0,64.666667,151.666667,82.916667,12,12,12
2014-05-13,Aotizhongxin,1,46.833333,108.000000,35.666667,12,12,12
2014-05-13,Changping,0,57.416667,138.916667,74.750000,12,12,12
2014-05-13,Changping,1,29.333333,91.583333,28.666667,12,12,12
2014-05-13,Dingling,0,39.333333,71.166667,37.750000,12,12,12
2014-05-13,Dingling,1,33.083333,74.750000,8.583333,12,12,12
2014-05-13,Dongsi,0,85.000000,158.166667,78.583333,12,12,12
2014-05-13,Dongsi,1,56.916667,120.750000,31.500000,12,12,12
2014-05-14,Aotizhongxin,0,29.083333,112.750000,19.250000,12,12,12
2014-05-14,Aotizhongxin,1,18.083333,51.500000,41.416667,12,12,12
2014-05-14,Changping,0,17.750000,71.083333,17.000000,12,12,11
2014-05-14,Changping,1,14.083333,36.416667,27.583333,12,12,12
2014-05-14,Dingling,0,13.250000,44.500000,5.636364,12,12,11
2014-05-14,Dingling,1,12.000000,22.000000,16.333333,12,12,12
2014-05-14,Dongsi,0,28.583333,92.583333,16.916667,12,12,12
2014-05-14,Dongsi,1,8.900000,44.454545,34.500000,10,11,12
2014-05-15,Aotizhongxin,0,45.166667,128.916667,75.636364,12,12,11
2014-05-15,Aotizhongxin,1,100.583333,322.500000,64.000000,12,12,12
2014-05-15,Changping,0,22.500000,64.333333,46.166667,12,12,12
2014-05-15,Changping,1,89.750000,260.333333,35.166667,12,12,12
2014-05-15,Dingling,0,24.333333,39.833333,22.166667,12,12,12
2014-05-15,Dingling,1,91.666667,231.166667,26.250000,12,12,12
2014-05-15,Dongsi,0,21.000000,100.666667,71.000000,12,12,12
2014-05-15,Dongsi,1,80.166667,296.000000,55.000000,12,12,12
2014-05-16,Aotizhongxin,0,86.333333,218.666667,88.333333,12,12,12
2014-05-16,Aotizhongxin,1,34.833333,83.416667,29.250000,12,12,12
2014-05-16,Changping,0,53.000000,145.083333,34.666667,12,12,12
2014-05-16,Changping,1,21.750000,62.833333,22.000000,12,12,12
2014-05-16,Dingling,0,50.750000,121.000000,16.750000,12,12,12
2014-05-16,Dingling,1,16.333333,35.916667,13.750000,12,12,12
2014-05-16,Dongsi,0,57.166667,203.250000,82.916667,12,12,12
2014-05-16,Dongsi,1,32.833333,67.500000,34.916667,12,12,12
2014-05-17,Aotizhongxin,0,75.166667,166.583333,103.333333,12,12,12
2014-05-17,Aotizhongxin,1,60.416667,136.166667,38.750000,12,12,12
2014-05-17,Changping,0,53.750000,116.833333,48.363636,12,12,11
2014-05-17,Changping,1,46.666667,94.333333,29.083333,12,12,12
2014-05-17,Dingling,0,50.416667,91.583333,28.727273,12,12,11
2014-05-17,Dingling,1,41.583333,74.166667,18.583333,12,12,12
2014-05-17,Dongsi,0,62.166667,149.916667,94.333333,12,12,12
2014-05-17,Dongsi,1,46.500000,92.916667,41.583333,12,12,12
2014-05-18,Aotizhongxin,0,97.083333,246.833333,82.636364,12,12,11
2014-05-18,Aotizhongxin,1,110.000000,206.000000,46.166667,12,12,12
2014-05-18,Changping,0,34.916667,47.666667,31.416667,12,12,12
2014-05-18,Changping,1,99.166667,168.166667,27.500000,12,12,12
2014-05-18,Dingling,0,31.583333,35.916667,12.250000,12,12,12
2014-05-18,Dingling,1,92.833333,132.500000,21.416667,12,12,12
2014-05-18,Dongsi,0,52.583333,142.000000,87.250000,12,12,12
2014-05-18,Dongsi,1,113.250000,186.750000,47.166667,12,12,12
2014-05-19,Aotizhongxin,0,83.583333,118.833333,47.500000,12,12,12
2014-05-19,Aotizhongxin,1,138.250000,245.250000,69.583333,12,12,12
2014-05-19,Changping,0,68.333333,80.500000,21.500000,12,12,12
2014-05-19,Changping,1,128.000000,173.250000,36.083333,12,12,12
2014-05-19,Dingling,0,57.250000,53.750000,12.916667,12,12,12
2014-05-19,Dingling,1,125.333333,135.166667,26.250000,12,12,12
2014-05-19,Dongsi,0,87.083333,135.333333,43.083333,12,12,12
2014-05-19,Dongsi,1,142.583333,211.333333,58.000000,12,12,12
2014-05-20,Aotizhongxin,0,142.416667,221.750000,64.916667,12,12,12
2014-05-20,Aotizhongxin,1,47.666667,116.083333,36.000000,12,12,12
2014-05-20,Changping,0,79.666667,93.000000,35.272727,12,12,11
2014-05-20,Changping,1,29.000000,83.583333,27.750000,12,12,12
2014-05-20,Dingling,0,69.000000,71.250000,13.181818,12,12,11
2014-05-20,Dingling,1,23.500000,46.083333,17.833333,12,12,12
2014-05-20,Dongsi,0,132.666667,175.666667,58.000000,12,12,12
2014-05-20,Dongsi,1,51.083333,114.083333,48.416667,12,12,12
2014-05-21,Aotizhongxin,0,91.000000,134.383333,57.227273,12,12,11
2014-05-21,Aotizhongxin,1,134.583333,249.916667,68.500000,12,12,12
2014-05-21,Changping,0,87.533333,126.083333,33.850000,12,12,12
2014-05-21,Changping,1,134.083333,187.583333,38.500000,12,12,12
2014-05-21,Dingling,0,87.666667,104.816667,26.075000,12,12,12
2014-05-21,Dingling,1,109.500000,148.250000,25.500000,12,12,12
2014-05-21,Dongsi,0,92.108333,126.916667,63.000000,12,12,12
2014-05-21,Dongsi,1,133.916667,247.416667,54.916667,12,12,12
2014-05-22,Aotizhongxin,0,212.383333,346.041667,114.233333,12,12,12
2014-05-22,Aotizhongxin,1,88.833333,148.500000,37.750000,12,12,12
2014-05-22,Changping,0,174.100000,224.458333,45.775000,12,12,12
2014-05-22,Changping,1,105.166667,145.833333,32.333333,12,12,12
2014-05-22,Dingling,0,127.633333,139.744444,20.855556,9,9,9
2014-05-22,Dingling,1,98.166667,109.416667,20.583333,12,12,12
2014-05-22,Dongsi,0,219.133333,311.400000,107.483333,12,12,12
2014-05-22,Dongsi,1,73.083333,122.250000,28.000000,12,12,12
2014-05-23,Aotizhongxin,0,98.583333,193.250000,63.416667,12,12,12
2014-05-23,Aotizhongxin,1,72.250000,143.750000,47.333333,12,12,12
2014-05-23,Changping,0,92.250000,154.250000,58.363636,12,12,11
2014-05-23,Changping,1,66.583333,112.333333,33.333333,12,12,12
2014-05-23,Dingling,0,73.083333,104.500000,30.000000,12,12,11
2014-05-23,Dingling,1,53.666667,80.166667,15.500000,12,12,12
2014-05-23,Dongsi,0,91.666667,173.666667,49.333333,12,12,12
2014-05-23,Dongsi,1,58.583333,117.000000,34.750000,12,12,12
2014-05-24,Aotizhongxin,0,88.416667,153.750000,55.000000,12,12,11
2014-05-24,Aotizhongxin,1,82.800000,82.800000,47.700000,10,10,10
2014-05-24,Changping,0,66.416667,98.166667,33.416667,12,12,12
2014-05-24,Changping,1,65.166667,65.166667,33.083333,12,12,12
2014-05-24,Dingling,0,52.583333,56.916667,12.916667,12,12,12
2014-05-24,Dingling,1,55.333333,33.750000,21.083333,12,12,12
2014-05-24,Dongsi,0,90.000000,144.833333,47.916667,12,12,12
2014-05-24,Dongsi,1,91.500000,91.500000,42.250000,12,12,12
2014-05-25,Aotizhongxin,0,133.416667,194.000000,32.000000,12,12,12
2014-05-25,Aotizhongxin,1,21.916667,82.666667,29.000000,12,12,12
2014-05-25,Changping,0,107.750000,154.166667,34.333333,12,12,12
2014-05-25,Changping,1,10.083333,42.250000,15.500000,12,12,12
2014-05-25,Dingling,0,104.416667,153.333333,12.416667,12,12,12
2014-05-25,Dingling,1,7.833333,30.833333,4.333333,12,12,12
2014-05-25,Dongsi,0,120.250000,188.333333,29.666667,12,12,12
2014-05-25,Dongsi,1,11.833333,87.583333,25.000000,12,12,12
2014-05-26,Aotizhongxin,0,25.666667,82.333333,75.833333,12,12,12
2014-05-26,Aotizhongxin,1,32.083333,91.416667,55.250000,12,12,12
2014-05-26,Changping,0,14.666667,49.916667,32.545455,12,12,11
2014-05-26,Changping,1,21.583333,58.916667,32.583333,12,12,12
2014-05-26,Dingling,0,11.333333,20.666667,9.545455,12,12,11
2014-05-26,Dingling,1,20.666667,44.250000,9.583333,12,12,12
2014-05-26,Dongsi,0,5.500000,61.000000,61.166667,12,12,12
2014-05-26,Dongsi,1,22.416667,91.666667,53.166667,12,12,12
2014-05-27,Aotizhongxin,0,66.000000,212.272727,73.363636,11,11,11
2014-05-27,Aotizhongxin,1,13.300000,13.300000,21.090909,10,10,11
2014-05-27,Changping,0,51.166667,188.166667,42.666667,12,12,12
2014-05-27,Changping,1,11.916667,68.666667,10.166667,12,12,12
2014-05-27,Dingling,0,37.833333,118.166667,10.583333,12,12,12
2014-05-27,Dingling,1,11.000000,43.166667,2.750000,12,12,12
2014-05-27,Dongsi,0,43.666667,225.083333,80.500000,12,12,12
2014-05-27,Dongsi,1,16.500000,102.083333,18.250000,12,12,12
2014-05-28,Aotizhongxin,0,37.666667,37.666667,99.083333,12,12,12
2014-05-28,Aotizhongxin,1,36.083333,36.083333,48.666667,12,12,12
2014-05-28,Changping,0,16.250000,46.250000,49.333333,12,12,12
2014-05-28,Changping,1,34.416667,94.250000,36.833333,12,12,12
2014-05-28,Dingling,0,14.166667,27.583333,16.416667,12,12,12
2014-05-28,Dingling,1,32.583333,69.916667,18.916667,12,12,12
2014-05-28,Dongsi,0,24.750000,92.750000,91.666667,12,12,12
2014-05-28,Dongsi,1,24.500000,117.833333,24.916667,12,12,12
2014-05-29,Aotizhongxin,0,60.666667,60.666667,108.583333,12,12,12
2014-05-29,Aotizhongxin,1,50.833333,50.833333,84.750000,12,12,12
2014-05-29,Changping,0,35.083333,81.083333,47.090909,12,12,11
2014-05-29,Changping,1,17.583333,40.583333,23.416667,12,12,12
2014-05-29,Dingling,0,31.000000,57.833333,14.272727,12,12,11
2014-05-29,Dingling,1,12.750000,27.500000,6.166667,12,12,12
2014-05-29,Dongsi,0,67.909091,172.545455,70.909091,11,11,11
2014-05-29,Dongsi,1,33.375000,44.125000,28.333333,8,8,3
2014-05-30,Aotizhongxin,0,75.083333,75.083333,111.727273,12,12,11
2014-05-30,Aotizhongxin,1,107.416667,220.750000,47.083333,12,12,12
2014-05-30,Changping,0,43.833333,100.666667,62.083333,12,12,12
2014-05-30,Changping,1,101.000000,182.500000,29.166667,12,12,12
2014-05-30,Dingling,0,27.583333,61.500000,17.916667,12,12,12
2014-05-30,Dingling,1,92.333333,149.750000,19.250000,12,12,12
2014-05-30,Dongsi,0,87.000000,87.000000,,12,12,0
2014-05-30,Dongsi,1,98.416667,98.416667,,12,12,0
2014-05-31,Aotizhongxin,0,94.250000,193.416667,78.666667,12,12,12
2014-05-31,Aotizhongxin,1,136.250000,302.666667,71.000000,12,12,12
2014-05-31,Changping,0,71.916667,112.333333,39.666667,12,12,12
2014-05-31,Changping,1,123.833333,225.250000,47.083333,12,12,12
2014-05-31,Dingling,0,67.500000,93.166667,15.583333,12,12,12
2014-05-31,Dingling,1,111.000000,167.700000,34.300000,10,10,10
2014-05-31,Dongsi,0,89.750000,89.750000,,12,12,0
2014-05-31,Dongsi,1,126.750000,126.750000,,12,12,0
2014-06-01,Aotizhongxin,0,49.166667,55.833333,27.750000,12,12,12
2014-06-01,Aotizhongxin,1,49.000000,69.416667,35.416667,12,12,12
2014-06-01,Changping,0,40.166667,42.833333,22.090909,12,12,11
2014-06-01,Changping,1,33.666667,57.333333,20.000000,12,12,12
2014-06-01,Dingling,0,29.000000,18.250000,7.750000,4,4,4
2014-06-01,Dingling,1,33.500000,42.000000,8.333333,12,12,12
2014-06-01,Dongsi,0,46.416667,46.416667,,12,12,0
2014-06-01,Dongsi,1,43.250000,43.250000,,12,12,0
2014-06-02,Aotizhongxin,0,32.583333,43.916667,44.000000,12,12,11
2014-06-02,Aotizhongxin,1,29.333333,44.416667,31.750000,12,12,12
2014-06-02,Changping,0,22.416667,27.833333,30.833333,12,12,12
2014-06-02,Changping,1,24.083333,35.000000,23.750000,12,12,12
2014-06-02,Dingling,0,18.000000,18.000000,7.083333,12,12,12
2014-06-02,Dingling,1,19.083333,26.666667,8.333333,12,12,12
2014-06-02,Dongsi,0,20.833333,20.833333,,12,12,0
2014-06-02,Dongsi,1,29.666667,29.666667,,12,12,0
2014-06-03,Aotizhongxin,0,37.500000,63.083333,75.416667,12,12,12
2014-06-03,Aotizhongxin,1,42.333333,42.333333,44.833333,12,12,12
2014-06-03,Changping,0,21.750000,31.833333,31.500000,12,12,12
2014-06-03,Changping,1,38.833333,54.166667,27.416667,12,12,12
2014-06-03,Dingling,0,22.250000,26.250000,11.583333,12,12,12
2014-06-03,Dingling,1,34.916667,54.750000,15.416667,12,12,12
2014-06-03,Dongsi,0,29.500000,32.166667,28.000000,12,12,2
2014-06-03,Dongsi,1,38.166667,63.416667,30.833333,12,12,12
2014-06-04,Aotizhongxin,0,68.916667,68.916667,95.333333,12,12,12
2014-06-04,Aotizhongxin,1,47.916667,47.916667,47.666667,12,12,12
2014-06-04,Changping,0,58.916667,86.500000,38.000000,12,12,11
2014-06-04,Changping,1,49.416667,69.583333,34.750000,12,12,12
2014-06-04,Dingling,0,53.083333,65.583333,20.545455,12,12,11
2014-06-04,Dingling,1,45.916667,60.666667,19.166667,12,12,12
2014-06-04,Dongsi,0,59.666667,135.000000,71.166667,12,12,12
2014-06-04,Dongsi,1,49.000000,82.083333,34.000000,12,12,12
2014-06-05,Aotizhongxin,0,78.416667,78.416667,73.818182,12,12,11
2014-06-05,Aotizhongxin,1,59.916667,59.916667,45.583333,12,12,12
2014-06-05,Changping,0,50.166667,63.416667,26.416667,12,12,12
2014-06-05,Changping,1,52.545455,77.833333,24.416667,11,12,12
2014-06-05,Dingling,0,46.250000,47.333333,13.416667,12,12,12
2014-06-05,Dingling,1,48.416667,60.750000,15.083333,12,12,12
2014-06-05,Dongsi,0,77.833333,137.166667,72.000000,12,12,12
2014-06-05,Dongsi,1,55.666667,97.166667,31.250000,12,12,12
2014-06-06,Aotizhongxin,0,99.916667,99.916667,72.166667,12,12,12
2014-06-06,Aotizhongxin,1,16.416667,16.416667,35.333333,12,12,12
2014-06-06,Changping,0,86.833333,113.500000,36.666667,12,12,12
2014-06-06,Changping,1,10.750000,13.583333,24.166667,12,12,12
2014-06-06,Dingling,0,68.909091,78.090909,24.454545,11,11,11
2014-06-06,Dingling,1,4.222222,6.777778,2.800000,9,9,10
2014-06-06,Dongsi,0,97.416667,173.833333,64.416667,12,12,12
2014-06-06,Dongsi,1,13.333333,23.250000,37.750000,12,12,12
2014-06-07,Aotizhongxin,0,14.333333,14.333333,36.500000,12,12,12
2014-06-07,Aotizhongxin,1,10.666667,10.666667,30.666667,12,12,12
2014-06-07,Changping,0,7.166667,8.916667,14.090909,12,12,11
2014-06-07,Changping,1,7.500000,23.416667,15.250000,12,12,12
2014-06-07,Dingling,0,4.416667,7.166667,3.545455,12,12,11
2014-06-07,Dingling,1,4.750000,15.000000,5.000000,12,12,12
2014-06-07,Dongsi,0,7.000000,15.333333,38.250000,12,12,12
2014-06-07,Dongsi,1,7.333333,45.416667,30.416667,12,12,12
2014-06-08,Aotizhongxin,0,28.666667,28.666667,58.727273,12,12,11
2014-06-08,Aotizhongxin,1,31.333333,31.333333,70.750000,12,12,12
2014-06-08,Changping,0,13.833333,30.500000,36.333333,12,12,12
2014-06-08,Changping,1,17.333333,34.083333,25.916667,12,12,12
2014-06-08,Dingling,0,8.833333,15.000000,14.333333,12,12,12
2014-06-08,Dingling,1,12.750000,23.833333,13.083333,12,12,12
2014-06-08,Dongsi,0,27.833333,77.750000,77.333333,12,12,12
2014-06-08,Dongsi,1,30.250000,73.083333,62.500000,12,12,12
2014-06-09,Aotizhongxin,0,30.916667,30.916667,60.083333,12,12,12
2014-06-09,Aotizhongxin,1,31.000000,31.000000,40.083333,12,12,12
2014-06-09,Changping,0,20.333333,40.000000,39.583333,12,12,12
2014-06-09,Changping,1,21.750000,37.083333,21.916667,12,12,12
2014-06-09,Dingling,0,15.500000,27.000000,15.500000,2,2,2
2014-06-09,Dingling,1,14.363636,22.272727,11.454545,11,11,11
2014-06-09,Dongsi,0,25.416667,54.916667,67.500000,12,12,12
2014-06-09,Dongsi,1,28.166667,70.166667,36.416667,12,12,12
2014-06-10,Aotizhongxin,0,68.250000,68.250000,49.833333,12,12,12
2014-06-10,Aotizhongxin,1,85.666667,85.666667,59.833333,12,12,12
2014-06-10,Changping,0,48.333333,56.083333,30.272727,12,12,11
2014-06-10,Changping,1,66.000000,77.666667,32.833333,12,12,12
2014-06-10,Dingling,0,29.636364,27.636364,12.500000,11,11,10
2014-06-10,Dingling,1,54.083333,46.083333,16.416667,12,12,12
2014-06-10,Dongsi,0,61.500000,76.833333,49.916667,12,12,12
2014-06-10,Dongsi,1,78.166667,101.000000,51.833333,12,12,12
2014-06-11,Aotizhongxin,0,70.083333,70.083333,48.166667,12,12,12
2014-06-11,Aotizhongxin,1,21.416667,21.416667,33.500000,12,12,12
2014-06-11,Changping,0,63.000000,63.000000,20.750000,12,12,12
2014-06-11,Changping,1,17.083333,26.083333,18.166667,12,12,12
2014-06-11,Dingling,0,51.666667,23.416667,7.833333,12,12,12
2014-06-11,Dingling,1,11.666667,16.416667,6.916667,12,12,12
2014-06-11,Dongsi,0,60.583333,65.000000,46.250000,12,12,12
2014-06-11,Dongsi,1,14.250000,35.666667,25.583333,12,12,12
2014-06-12,Aotizhongxin,0,37.583333,37.583333,86.333333,12,12,12
2014-06-12,Aotizhongxin,1,23.500000,23.500000,28.916667,12,12,12
2014-06-12,Changping,0,20.416667,25.250000,32.333333,12,12,12
2014-06-12,Changping,1,15.083333,32.916667,13.833333,12,12,12
2014-06-12,Dingling,0,18.083333,19.416667,10.666667,12,12,12
2014-06-12,Dingling,1,12.083333,21.000000,5.500000,12,12,12
2014-06-12,Dongsi,0,26.916667,65.000000,62.250000,12,12,12
2014-06-12,Dongsi,1,20.666667,56.166667,24.916667,12,12,12
2014-06-13,Aotizhongxin,0,86.916667,86.916667,76.333333,12,12,12
2014-06-13,Aotizhongxin,1,32.416667,32.416667,38.250000,12,12,12
2014-06-13,Changping,0,31.416667,53.250000,28.833333,12,12,12
2014-06-13,Changping,1,34.583333,56.500000,27.750000,12,12,12
2014-06-13,Dingling,0,27.500000,36.083333,11.583333,12,12,12
2014-06-13,Dingling,1,28.500000,31.333333,10.333333,12,12,12
2014-06-13,Dongsi,0,87.833333,141.500000,66.083333,12,12,12
2014-06-13,Dongsi,1,30.500000,60.250000,34.500000,12,12,12
2014-06-14,Aotizhongxin,0,30.333333,30.333333,45.666667,12,12,12
2014-06-14,Aotizhongxin,1,54.000000,54.000000,47.166667,12,12,12
2014-06-14,Changping,0,21.500000,28.666667,28.000000,12,12,12
2014-06-14,Changping,1,23.666667,37.166667,13.333333,6,6,6
2014-06-14,Dingling,0,16.000000,17.666667,7.500000,12,12,12
2014-06-14,Dingling,1,25.416667,33.833333,10.666667,12,12,12
2014-06-14,Dongsi,0,19.416667,31.416667,50.666667,12,12,12
2014-06-14,Dongsi,1,54.416667,104.166667,38.166667,12,12,12
2014-06-15,Aotizhongxin,0,127.500000,127.500000,92.750000,12,12,12
2014-06-15,Aotizhongxin,1,100.250000,100.250000,50.166667,12,12,12
2014-06-15,Changping,0,91.000000,100.083333,52.833333,12,12,12
2014-06-15,Changping,1,63.833333,85.250000,29.000000,12,12,12
2014-06-15,Dingling,0,77.166667,67.750000,18.916667,12,12,12
2014-06-15,Dingling,1,58.083333,52.250000,15.750000,12,12,12
2014-06-15,Dongsi,0,127.583333,162.833333,75.750000,12,12,12
2014-06-15,Dongsi,1,109.166667,159.083333,42.416667,12,12,12
2014-06-16,Aotizhongxin,0,139.333333,139.333333,52.166667,12,12,12
2014-06-16,Aotizhongxin,1,132.083333,132.083333,48.916667,12,12,12
2014-06-16,Changping,0,60.250000,71.333333,46.916667,12,12,12
2014-06-16,Changping,1,110.000000,133.000000,28.750000,12,12,12
2014-06-16,Dingling,0,48.250000,47.416667,13.083333,12,12,12
2014-06-16,Dingling,1,100.666667,88.416667,21.416667,12,12,12
2014-06-16,Dongsi,0,141.583333,150.750000,47.416667,12,12,12
2014-06-16,Dongsi,1,138.833333,149.166667,38.750000,12,12,12
2014-06-17,Aotizhongxin,0,79.500000,79.500000,28.750000,12,12,12
2014-06-17,Aotizhongxin,1,88.250000,88.250000,59.250000,12,12,12
2014-06-17,Changping,0,57.750000,60.750000,20.916667,12,12,12
2014-06-17,Changping,1,58.666667,70.750000,26.250000,12,12,12
2014-06-17,Dingling,0,57.250000,40.000000,13.083333,12,12,12
2014-06-17,Dingling,1,61.250000,47.000000,18.500000,12,12,12
2014-06-17,Dongsi,0,79.666667,86.333333,31.500000,12,12,12
2014-06-17,Dongsi,1,83.333333,100.583333,54.583333,12,12,12
2014-06-18,Aotizhongxin,0,57.916667,57.916667,50.833333,12,12,12
2014-06-18,Aotizhongxin,1,67.181818,67.181818,36.666667,11,11,12
2014-06-18,Changping,0,49.909091,55.818182,46.833333,11,11,12
2014-06-18,Changping,1,49.000000,66.833333,26.909091,12,12,11
2014-06-18,Dingling,0,47.000000,24.583333,17.583333,12,12,12
2014-06-18,Dingling,1,37.000000,40.916667,15.583333,12,12,12
2014-06-18,Dongsi,0,51.000000,51.000000,52.666667,12,12,12
2014-06-18,Dongsi,1,78.416667,105.416667,31.583333,12,12,12
2014-06-19,Aotizhongxin,0,144.583333,144.583333,77.666667,12,12,12
2014-06-19,Aotizhongxin,1,122.250000,122.250000,43.000000,12,12,11
2014-06-19,Changping,0,67.333333,82.833333,42.750000,12,12,12
2014-06-19,Changping,1,128.750000,134.083333,34.916667,12,12,12
2014-06-19,Dingling,0,41.500000,38.416667,13.500000,12,12,12
2014-06-19,Dingling,1,120.750000,90.583333,23.666667,12,12,12
2014-06-19,Dongsi,0,145.166667,161.916667,64.166667,12,12,12
2014-06-19,Dongsi,1,108.083333,112.166667,39.416667,12,12,12
2014-06-20,Aotizhongxin,0,46.166667,46.166667,32.500000,12,12,12
2014-06-20,Aotizhongxin,1,41.666667,41.666667,30.916667,12,12,12
2014-06-20,Changping,0,48.900000,48.900000,35.000000,10,10,10
2014-06-20,Changping,1,,,,0,0,0
2014-06-20,Dingling,0,44.636364,19.416667,11.666667,11,12,12
2014-06-20,Dingling,1,25.545455,27.909091,12.916667,11,11,12
2014-06-20,Dongsi,0,35.333333,39.833333,33.333333,12,12,12
2014-06-20,Dongsi,1,34.583333,59.500000,29.083333,12,12,12
2014-06-21,Aotizhongxin,0,83.333333,83.333333,51.833333,12,12,12
2014-06-21,Aotizhongxin,1,54.500000,54.500000,32.083333,12,12,12
2014-06-21,Changping,0,99.750000,99.750000,49.750000,4,4,4
2014-06-21,Changping,1,66.583333,69.750000,33.750000,12,12,12
2014-06-21,Dingling,0,78.750000,51.750000,17.666667,12,12,12
2014-06-21,Dingling,1,62.583333,42.250000,19.083333,12,12,12
2014-06-21,Dongsi,0,65.166667,67.500000,47.916667,12,12,12
2014-06-21,Dongsi,1,50.000000,62.500000,28.916667,12,12,12
2014-06-22,Aotizhongxin,0,27.083333,27.083333,54.250000,12,12,12
2014-06-22,Aotizhongxin,1,37.750000,37.750000,30.750000,12,12,12
2014-06-22,Changping,0,18.250000,26.000000,27.166667,12,12,12
2014-06-22,Changping,1,26.250000,35.000000,20.750000,12,12,12
2014-06-22,Dingling,0,16.916667,17.500000,8.666667,12,12,12
2014-06-22,Dingling,1,23.083333,19.750000,7.750000,12,12,12
2014-06-22,Dongsi,0,22.166667,37.000000,48.000000,12,12,12
2014-06-22,Dongsi,1,38.666667,54.333333,30.083333,12,12,12
2014-06-23,Aotizhongxin,0,26.083333,26.083333,53.166667,12,12,12
2014-06-23,Aotizhongxin,1,28.000000,28.000000,37.666667,12,12,12
2014-06-23,Changping,0,17.583333,32.583333,35.416667,12,12,12
2014-06-23,Changping,1,19.833333,34.166667,22.833333,12,12,12
2014-06-23,Dingling,0,10.750000,10.750000,7.250000,12,12,12
2014-06-23,Dingling,1,14.250000,18.333333,9.636364,12,12,11
2014-06-23,Dongsi,0,19.166667,33.500000,52.583333,12,12,12
2014-06-23,Dongsi,1,25.166667,47.666667,32.333333,12,12,12
2014-06-24,Aotizhongxin,0,51.583333,51.583333,86.416667,12,12,12
2014-06-24,Aotizhongxin,1,70.454545,70.454545,41.000000,11,11,12
2014-06-24,Changping,0,31.000000,54.500000,35.666667,12,12,12
2014-06-24,Changping,1,53.727273,103.166667,33.909091,11,12,11
2014-06-24,Dingling,0,25.166667,34.666667,17.083333,12,12,12
2014-06-24,Dingling,1,41.625000,61.888889,16.666667,8,9,12
2014-06-24,Dongsi,0,59.363636,109.750000,92.500000,11,12,12
2014-06-24,Dongsi,1,57.700000,57.700000,34.000000,10,10,11
2014-06-25,Aotizhongxin,0,86.750000,86.750000,76.000000,12,12,12
2014-06-25,Aotizhongxin,1,117.083333,117.083333,45.833333,12,12,12
2014-06-25,Changping,0,83.500000,106.333333,43.416667,12,12,12
2014-06-25,Changping,1,119.500000,125.250000,38.416667,12,12,12
2014-06-25,Dingling,0,79.250000,100.000000,23.000000,12,12,12
2014-06-25,Dingling,1,120.583333,111.083333,32.666667,12,12,12
2014-06-25,Dongsi,0,82.166667,82.166667,63.333333,12,12,12
2014-06-25,Dongsi,1,130.916667,130.916667,41.166667,12,12,12
2014-06-26,Aotizhongxin,0,168.181818,168.181818,33.666667,11,11,12
2014-06-26,Aotizhongxin,1,83.666667,83.666667,47.416667,12,12,12
2014-06-26,Changping,0,147.666667,147.666667,32.750000,12,12,12
2014-06-26,Changping,1,51.583333,67.083333,28.083333,12,12,12
2014-06-26,Dingling,0,129.333333,96.250000,18.250000,12,12,12
2014-06-26,Dingling,1,40.583333,50.250000,13.916667,12,12,12
2014-06-26,Dongsi,0,182.083333,182.083333,33.166667,12,12,12
2014-06-26,Dongsi,1,103.500000,103.500000,43.833333,12,12,12
2014-06-27,Aotizhongxin,0,27.083333,27.083333,42.333333,12,12,12
2014-06-27,Aotizhongxin,1,18.416667,18.416667,40.500000,12,12,12
2014-06-27,Changping,0,10.333333,14.583333,19.500000,12,12,12
2014-06-27,Changping,1,10.500000,23.666667,28.166667,12,12,12
2014-06-27,Dingling,0,7.833333,13.833333,5.416667,12,12,12
2014-06-27,Dingling,1,5.375000,18.500000,8.200000,8,8,10
2014-06-27,Dongsi,0,27.750000,27.750000,44.666667,12,12,12
2014-06-27,Dongsi,1,16.250000,16.250000,31.000000,12,12,12
2014-06-28,Aotizhongxin,0,28.416667,28.416667,71.583333,12,12,12
2014-06-28,Aotizhongxin,1,21.000000,21.000000,42.083333,12,12,12
2014-06-28,Changping,0,14.583333,30.000000,36.666667,12,12,12
2014-06-28,Changping,1,14.500000,30.333333,23.000000,12,12,12
2014-06-28,Dingling,0,9.166667,23.583333,11.000000,12,12,12
2014-06-28,Dingling,1,12.333333,25.500000,7.083333,12,12,12
2014-06-28,Dongsi,0,23.083333,23.083333,55.916667,12,12,12
2014-06-28,Dongsi,1,19.000000,19.000000,30.500000,12,12,12
2014-06-29,Aotizhongxin,0,34.000000,34.000000,66.666667,12,12,12
2014-06-29,Aotizhongxin,1,59.833333,59.833333,48.000000,12,12,12
2014-06-29,Changping,0,22.333333,53.583333,40.083333,12,12,12
2014-06-29,Changping,1,42.500000,80.500000,35.750000,12,12,12
2014-06-29,Dingling,0,19.750000,49.416667,21.916667,12,12,12
2014-06-29,Dingling,1,42.083333,85.833333,19.083333,12,12,12
2014-06-29,Dongsi,0,53.833333,53.833333,79.583333,12,12,12
2014-06-29,Dongsi,1,59.416667,59.416667,34.333333,12,12,12
2014-06-30,Aotizhongxin,0,78.166667,78.166667,83.833333,12,12,12
2014-06-30,Aotizhongxin,1,75.916667,75.916667,47.333333,12,12,12
2014-06-30,Changping,0,63.916667,97.333333,50.916667,12,12,12
2014-06-30,Changping,1,72.416667,114.666667,52.250000,12,12,12
2014-06-30,Dingling,0,64.833333,101.583333,17.750000,12,12,12
2014-06-30,Dingling,1,67.400000,115.100000,19.500000,10,10,12
2014-06-30,Dongsi,0,82.166667,82.166667,80.333333,12,12,12
2014-06-30,Dongsi,1,73.250000,73.250000,33.416667,12,12,12
2014-07-01,Aotizhongxin,0,91.250000,91.250000,66.500000,12,12,12
2014-07-01,Aotizhongxin,1,130.800000,130.800000,44.363636,10,10,11
2014-07-01,Changping,0,81.166667,130.250000,47.666667,12,12,12
2014-07-01,Changping,1,122.416667,142.166667,34.083333,12,12,12
2014-07-01,Dingling,0,72.666667,116.500000,24.833333,12,12,12
2014-07-01,Dingling,1,126.500000,148.333333,26.416667,12,12,12
2014-07-01,Dongsi,0,101.916667,101.916667,54.166667,12,12,12
2014-07-01,Dongsi,1,147.083333,147.083333,38.916667,12,12,12
2014-07-02,Aotizhongxin,0,40.166667,40.166667,28.666667,12,12,12
2014-07-02,Aotizhongxin,1,84.500000,84.500000,52.083333,12,12,12
2014-07-02,Changping,0,39.666667,39.666667,26.833333,12,12,12
2014-07-02,Changping,1,70.750000,70.750000,25.416667,12,12,12
2014-07-02,Dingling,0,37.166667,30.333333,16.166667,12,12,12
2014-07-02,Dingling,1,59.166667,49.916667,15.166667,12,12,12
2014-07-02,Dongsi,0,41.000000,41.000000,21.833333,12,12,12
2014-07-02,Dongsi,1,88.416667,88.416667,46.750000,12,12,12
2014-07-03,Aotizhongxin,0,202.416667,202.416667,53.916667,12,12,12
2014-07-03,Aotizhongxin,1,211.166667,211.166667,53.909091,12,12,11
2014-07-03,Changping,0,193.090909,190.166667,30.416667,11,12,12
2014-07-03,Changping,1,173.818182,176.636364,27.090909,11,11,11
2014-07-03,Dingling,0,152.166667,119.833333,24.500000,12,12,12
2014-07-03,Dingling,1,167.500000,124.250000,16.500000,12,12,12
2014-07-03,Dongsi,0,210.250000,210.250000,49.750000,12,12,12
2014-07-03,Dongsi,1,220.666667,220.666667,45.750000,12,12,12
2014-07-04,Aotizhongxin,0,215.000000,215.000000,62.833333,12,12,12
2014-07-04,Aotizhongxin,1,180.833333,180.833333,43.833333,12,12,12
2014-07-04,Changping,0,173.000000,173.000000,37.833333,12,12,12
2014-07-04,Changping,1,161.250000,171.166667,24.916667,12,12,12
2014-07-04,Dingling,0,147.000000,110.500000,12.916667,12,12,12
2014-07-04,Dingling,1,157.000000,148.416667,15.750000,12,12,12
2014-07-04,Dongsi,0,251.083333,251.083333,71.833333,12,12,12
2014-07-04,Dongsi,1,203.333333,203.333333,38.666667,12,12,12
2014-07-05,Aotizhongxin,0,143.333333,143.333333,69.750000,12,12,12
2014-07-05,Aotizhongxin,1,101.416667,101.416667,30.083333,12,12,12
2014-07-05,Changping,0,165.500000,165.500000,32.500000,12,12,12
2014-07-05,Changping,1,117.666667,125.583333,24.666667,12,12,12
2014-07-05,Dingling,0,166.909091,129.363636,21.272727,11,11,11
2014-07-05,Dingling,1,106.111111,101.777778,20.111111,9,9,9
2014-07-05,Dongsi,0,151.166667,151.166667,58.500000,12,12,12
2014-07-05,Dongsi,1,114.333333,114.333333,25.666667,12,12,12
2014-07-06,Aotizhongxin,0,223.083333,223.083333,48.083333,12,12,12
2014-07-06,Aotizhongxin,1,195.250000,195.250000,42.000000,12,12,12
2014-07-06,Changping,0,225.833333,230.500000,38.250000,12,12,12
2014-07-06,Changping,1,218.666667,218.666667,27.916667,12,12,12
2014-07-06,Dingling,0,161.636364,143.272727,25.909091,11,11,11
2014-07-06,Dingling,1,210.909091,193.090909,21.000000,11,11,11
2014-07-06,Dongsi,0,235.333333,235.333333,46.666667,12,12,12
2014-07-06,Dongsi,1,208.750000,208.750000,35.000000,12,12,12
2014-07-07,Aotizhongxin,0,115.916667,115.916667,58.833333,12,12,12
2014-07-07,Aotizhongxin,1,211.916667,211.916667,45.833333,12,12,12
2014-07-07,Changping,0,127.416667,127.416667,31.583333,12,12,12
2014-07-07,Changping,1,194.666667,197.666667,36.666667,12,12,12
2014-07-07,Dingling,0,134.636364,114.636364,22.818182,11,11,11
2014-07-07,Dingling,1,199.111111,178.444444,23.666667,9,9,9
2014-07-07,Dongsi,0,129.250000,129.250000,53.083333,12,12,12
2014-07-07,Dongsi,1,233.416667,233.416667,43.000000,12,12,12
2014-07-08,Aotizhongxin,0,168.750000,168.750000,63.083333,12,12,12
2014-07-08,Aotizhongxin,1,20.636364,20.636364,40.909091,11,11,11
2014-07-08,Changping,0,147.500000,147.500000,26.250000,12,12,12
2014-07-08,Changping,1,15.083333,37.833333,36.166667,12,12,12
2014-07-08,Dingling,0,136.250000,99.583333,12.833333,12,12,12
2014-07-08,Dingling,1,10.360000,23.090000,15.400000,10,10,10
2014-07-08,Dongsi,0,194.250000,194.250000,53.583333,12,12,12
2014-07-08,Dongsi,1,19.083333,19.083333,44.000000,12,12,12
2014-07-09,Aotizhongxin,0,30.750000,30.750000,76.000000,12,12,12
2014-07-09,Aotizhongxin,1,26.750000,26.750000,53.500000,12,12,12
2014-07-09,Changping,0,27.500000,38.583333,35.000000,12,12,12
2014-07-09,Changping,1,19.000000,46.916667,35.583333,12,12,12
2014-07-09,Dingling,0,6.454545,15.545455,12.636364,11,11,11
2014-07-09,Dingling,1,11.583333,38.333333,15.666667,12,12,12
2014-07-09,Dongsi,0,29.083333,29.083333,74.250000,12,12,12
2014-07-09,Dongsi,1,18.250000,18.250000,37.500000,12,12,12
2014-07-10,Aotizhongxin,0,33.333333,33.333333,62.833333,12,12,12
2014-07-10,Aotizhongxin,1,28.666667,28.666667,32.166667,12,12,12
2014-07-10,Changping,0,21.500000,49.500000,39.916667,12,12,12
2014-07-10,Changping,1,26.833333,68.916667,30.583333,12,12,12
2014-07-10,Dingling,0,16.166667,33.916667,13.083333,12,12,12
2014-07-10,Dingling,1,19.250000,56.416667,13.500000,12,12,12
2014-07-10,Dongsi,0,33.750000,33.750000,73.166667,12,12,12
2014-07-10,Dongsi,1,23.083333,23.083333,26.583333,12,12,12
2014-07-11,Aotizhongxin,0,45.000000,45.000000,61.416667,12,12,12
2014-07-11,Aotizhongxin,1,16.916667,16.916667,41.250000,12,12,12
2014-07-11,Changping,0,21.916667,51.333333,45.833333,12,12,12
2014-07-11,Changping,1,10.416667,30.750000,23.750000,12,12,12
2014-07-11,Dingling,0,12.500000,28.916667,10.833333,12,12,12
2014-07-11,Dingling,1,7.333333,26.083333,8.250000,12,12,12
2014-07-11,Dongsi,0,43.500000,43.500000,52.166667,12,12,12
2014-07-11,Dongsi,1,13.833333,13.833333,39.250000,12,12,12
2014-07-12,Aotizhongxin,0,16.916667,16.916667,49.583333,12,12,12
2014-07-12,Aotizhongxin,1,14.666667,14.666667,31.333333,12,12,12
2014-07-12,Changping,0,5.750000,11.250000,17.750000,12,12,12
2014-07-12,Changping,1,11.333333,31.083333,24.666667,12,12,12
2014-07-12,Dingling,0,4.583333,9.833333,4.333333,12,12,12
2014-07-12,Dingling,1,9.750000,27.416667,12.500000,12,12,12
2014-07-12,Dongsi,0,11.000000,11.000000,46.916667,12,12,12
2014-07-12,Dongsi,1,8.166667,8.166667,27.666667,12,12,12
2014-07-13,Aotizhongxin,0,17.750000,17.750000,55.166667,12,12,12
2014-07-13,Aotizhongxin,1,22.545455,22.545455,54.000000,11,11,12
2014-07-13,Changping,0,8.333333,16.750000,24.416667,12,12,12
2014-07-13,Changping,1,12.583333,40.250000,27.000000,12,12,12
2014-07-13,Dingling,0,6.250000,19.833333,5.166667,12,12,12
2014-07-13,Dingling,1,10.833333,37.916667,7.416667,12,12,12
2014-07-13,Dongsi,0,15.250000,15.250000,49.083333,12,12,12
2014-07-13,Dongsi,1,18.000000,18.000000,45.166667,12,12,12
2014-07-14,Aotizhongxin,0,25.500000,25.500000,60.250000,12,12,12
2014-07-14,Aotizhongxin,1,29.833333,29.833333,38.833333,12,12,12
2014-07-14,Changping,0,18.166667,40.666667,40.750000,12,12,12
2014-07-14,Changping,1,23.583333,49.333333,28.333333,12,12,12
2014-07-14,Dingling,0,12.750000,29.166667,10.083333,12,12,12
2014-07-14,Dingling,1,17.250000,45.916667,9.666667,12,12,12
2014-07-14,Dongsi,0,29.500000,29.500000,71.666667,12,12,12
2014-07-14,Dongsi,1,28.083333,28.083333,33.333333,12,12,12
2014-07-15,Aotizhongxin,0,45.333333,45.333333,43.500000,12,12,12
2014-07-15,Aotizhongxin,1,56.833333,56.833333,32.333333,12,12,12
2014-07-15,Changping,0,29.416667,99.250000,34.833333,12,12,12
2014-07-15,Changping,1,46.583333,97.750000,29.416667,12,12,12
2014-07-15,Dingling,0,25.666667,87.916667,10.916667,12,12,12
2014-07-15,Dingling,1,53.250000,112.083333,14.916667,12,12,12
2014-07-15,Dongsi,0,40.000000,40.000000,31.000000,12,12,12
2014-07-15,Dongsi,1,57.333333,57.333333,21.250000,12,12,12
2014-07-16,Aotizhongxin,0,99.166667,99.166667,64.833333,12,12,12
2014-07-16,Aotizhongxin,1,126.333333,126.333333,52.250000,12,12,12
2014-07-16,Changping,0,74.416667,88.666667,44.333333,12,12,12
2014-07-16,Changping,1,95.250000,103.083333,27.083333,12,12,12
2014-07-16,Dingling,0,67.750000,75.000000,11.916667,12,12,12
2014-07-16,Dingling,1,87.181818,84.454545,12.000000,11,11,12
2014-07-16,Dongsi,0,121.500000,121.500000,60.916667,12,12,12
2014-07-16,Dongsi,1,137.833333,137.833333,46.250000,12,12,12
2014-07-17,Aotizhongxin,0,98.000000,98.000000,57.416667,12,12,12
2014-07-17,Aotizhongxin,1,171.083333,171.083333,55.333333,12,12,12
2014-07-17,Changping,0,73.666667,74.166667,48.000000,12,12,12
2014-07-17,Changping,1,158.750000,159.333333,31.166667,12,12,12
2014-07-17,Dingling,0,78.583333,71.250000,14.500000,12,12,12
2014-07-17,Dingling,1,147.250000,146.000000,20.416667,12,12,12
2014-07-17,Dongsi,0,132.083333,132.083333,53.333333,12,12,12
2014-07-17,Dongsi,1,188.250000,188.250000,49.500000,12,12,12
2014-07-18,Aotizhongxin,0,147.300000,147.300000,49.166667,10,10,12
2014-07-18,Aotizhongxin,1,117.500000,117.500000,42.500000,12,12,12
2014-07-18,Changping,0,145.666667,145.666667,29.333333,12,12,12
2014-07-18,Changping,1,168.583333,169.833333,28.000000,12,12,12
2014-07-18,Dingling,0,139.750000,126.416667,19.416667,12,12,12
2014-07-18,Dingling,1,165.000000,173.083333,16.916667,12,12,12
2014-07-18,Dongsi,0,155.250000,155.250000,55.500000,12,12,12
2014-07-18,Dongsi,1,129.833333,129.833333,36.416667,12,12,12
2014-07-19,Aotizhongxin,0,77.166667,77.166667,63.166667,12,12,12
2014-07-19,Aotizhongxin,1,57.666667,57.666667,23.250000,12,12,12
2014-07-19,Changping,0,157.666667,162.000000,47.833333,12,12,12
2014-07-19,Changping,1,62.166667,77.833333,20.333333,12,12,12
2014-07-19,Dingling,0,140.916667,143.416667,18.416667,12,12,12
2014-07-19,Dingling,1,59.333333,72.666667,15.750000,12,12,12
2014-07-19,Dongsi,0,79.666667,79.666667,46.750000,12,12,12
2014-07-19,Dongsi,1,61.833333,61.833333,19.500000,12,12,12
2014-07-20,Aotizhongxin,0,56.750000,56.750000,39.750000,12,12,12
2014-07-20,Aotizhongxin,1,72.583333,72.583333,25.333333,12,12,12
2014-07-20,Changping,0,55.416667,60.916667,24.916667,12,12,12
2014-07-20,Changping,1,87.750000,102.916667,22.666667,12,12,12
2014-07-20,Dingling,0,56.083333,65.083333,15.250000,12,12,12
2014-07-20,Dingling,1,90.166667,120.083333,18.166667,12,12,12
2014-07-20,Dongsi,0,60.416667,60.416667,35.083333,12,12,12
2014-07-20,Dongsi,1,73.750000,73.750000,20.916667,12,12,12
2014-07-21,Aotizhongxin,0,39.250000,39.250000,30.916667,12,12,12
2014-07-21,Aotizhongxin,1,11.916667,11.916667,26.166667,12,12,12
2014-07-21,Changping,0,42.416667,52.750000,27.250000,12,12,12
2014-07-21,Changping,1,8.750000,12.750000,21.250000,12,12,12
2014-07-21,Dingling,0,40.500000,50.166667,13.333333,12,12,12
2014-07-21,Dingling,1,7.000000,9.250000,10.416667,12,12,12
2014-07-21,Dongsi,0,41.666667,41.666667,26.500000,12,12,12
2014-07-21,Dongsi,1,8.636364,8.636364,22.166667,11,11,12
2014-07-22,Aotizhongxin,0,10.636364,10.636364,47.000000,11,11,11
2014-07-22,Aotizhongxin,1,17.250000,17.250000,44.666667,12,12,12
2014-07-22,Changping,0,7.500000,21.500000,38.583333,12,12,12
2014-07-22,Changping,1,11.500000,20.600000,31.800000,10,10,10
2014-07-22,Dingling,0,6.000000,16.083333,16.000000,12,12,12
2014-07-22,Dingling,1,10.250000,17.833333,18.000000,12,12,12
2014-07-22,Dongsi,0,8.166667,8.166667,42.250000,12,12,12
2014-07-22,Dongsi,1,15.100000,15.100000,42.200000,10,10,10
2014-07-23,Aotizhongxin,0,25.250000,25.250000,72.333333,12,12,12
2014-07-23,Aotizhongxin,1,33.250000,33.250000,89.000000,12,12,12
2014-07-23,Changping,0,12.833333,21.333333,40.166667,12,12,12
2014-07-23,Changping,1,20.500000,39.333333,39.083333,12,12,12
2014-07-23,Dingling,0,9.666667,16.500000,10.250000,12,12,12
2014-07-23,Dingling,1,15.750000,27.250000,4.833333,12,12,12
2014-07-23,Dongsi,0,19.083333,19.083333,67.666667,12,12,12
2014-07-23,Dongsi,1,33.166667,33.166667,73.000000,12,12,12
2014-07-24,Aotizhongxin,0,77.583333,77.583333,107.166667,12,12,12
2014-07-24,Aotizhongxin,1,65.500000,65.500000,62.000000,12,12,12
2014-07-24,Changping,0,53.916667,98.500000,62.500000,12,12,12
2014-07-24,Changping,1,47.000000,64.000000,42.666667,12,12,12
2014-07-24,Dingling,0,36.750000,79.833333,33.416667,12,12,12
2014-07-24,Dingling,1,35.545455,55.454545,16.083333,11,11,12
2014-07-24,Dongsi,0,72.666667,72.666667,99.750000,12,12,12
2014-07-24,Dongsi,1,70.000000,70.000000,59.416667,12,12,12
2014-07-25,Aotizhongxin,0,96.666667,96.666667,74.833333,12,12,12
2014-07-25,Aotizhongxin,1,51.166667,51.166667,32.250000,12,12,12
2014-07-25,Changping,0,53.166667,57.916667,34.333333,12,12,12
2014-07-25,Changping,1,42.000000,61.272727,27.750000,3,11,12
2014-07-25,Dingling,0,44.333333,89.333333,13.500000,12,12,12
2014-07-25,Dingling,1,37.181818,73.545455,17.333333,11,11,12
2014-07-25,Dongsi,0,110.833333,110.833333,62.363636,12,12,11
2014-07-25,Dongsi,1,50.583333,50.583333,30.500000,12,12,12
2014-07-26,Aotizhongxin,0,118.000000,118.000000,65.083333,12,12,12
2014-07-26,Aotizhongxin,1,86.250000,86.250000,33.250000,12,12,12
2014-07-26,Changping,0,,95.083333,40.750000,0,12,12
2014-07-26,Changping,1,,125.083333,29.416667,0,12,12
2014-07-26,Dingling,0,59.750000,87.333333,23.916667,12,12,12
2014-07-26,Dingling,1,82.666667,133.000000,21.333333,12,12,12
2014-07-26,Dongsi,0,139.750000,139.750000,42.333333,12,12,12
2014-07-26,Dongsi,1,83.500000,83.500000,26.750000,12,12,12
2014-07-27,Aotizhongxin,0,104.416667,104.416667,56.166667,12,12,12
2014-07-27,Aotizhongxin,1,115.416667,115.416667,30.166667,12,12,12
2014-07-27,Changping,0,,126.250000,41.666667,0,12,12
2014-07-27,Changping,1,,171.250000,30.666667,0,12,12
2014-07-27,Dingling,0,78.250000,110.583333,22.583333,12,12,12
2014-07-27,Dingling,1,124.166667,178.500000,24.083333,12,12,12
2014-07-27,Dongsi,0,108.750000,108.750000,43.000000,12,12,12
2014-07-27,Dongsi,1,112.833333,112.833333,20.750000,12,12,12
2014-07-28,Aotizhongxin,0,145.916667,145.916667,46.083333,12,12,12
2014-07-28,Aotizhongxin,1,100.750000,100.750000,24.833333,12,12,12
2014-07-28,Changping,0,,155.416667,38.666667,0,12,12
2014-07-28,Changping,1,,160.333333,29.333333,0,3,3
2014-07-28,Dingling,0,131.750000,147.083333,19.500000,12,12,12
2014-07-28,Dingling,1,113.666667,143.166667,19.000000,12,12,12
2014-07-28,Dongsi,0,140.583333,140.583333,33.500000,12,12,12
2014-07-28,Dongsi,1,101.916667,101.916667,18.250000,12,12,12
2014-07-29,Aotizhongxin,0,138.166667,138.166667,37.500000,12,12,12
2014-07-29,Aotizhongxin,1,98.750000,98.750000,22.833333,12,12,12
2014-07-29,Changping,0,,193.000000,39.750000,0,3,4
2014-07-29,Changping,1,97.583333,113.416667,20.416667,12,12,12
2014-07-29,Dingling,0,122.666667,132.666667,21.833333,12,12,12
2014-07-29,Dingling,1,103.250000,135.250000,17.166667,12,12,12
2014-07-29,Dongsi,0,150.916667,150.916667,33.166667,12,12,12
2014-07-29,Dongsi,1,100.666667,100.666667,19.000000,12,12,12
2014-07-30,Aotizhongxin,0,92.666667,92.666667,25.833333,12,12,12
2014-07-30,Aotizhongxin,1,170.500000,170.500000,40.833333,12,12,12
2014-07-30,Changping,0,65.666667,66.083333,21.583333,12,12,12
2014-07-30,Changping,1,146.833333,147.583333,27.416667,12,12,12
2014-07-30,Dingling,0,58.000000,49.000000,9.583333,12,12,12
2014-07-30,Dingling,1,138.250000,122.916667,19.833333,12,12,12
2014-07-30,Dongsi,0,104.583333,104.583333,28.083333,12,12,12
2014-07-30,Dongsi,1,172.500000,172.500000,36.000000,12,12,12
2014-07-31,Aotizhongxin,0,223.333333,223.333333,43.833333,12,12,12
2014-07-31,Aotizhongxin,1,196.666667,196.666667,36.000000,12,12,12
2014-07-31,Changping,0,214.583333,215.166667,34.583333,12,12,12
2014-07-31,Changping,1,195.166667,196.666667,32.500000,12,12,12
2014-07-31,Dingling,0,189.500000,166.166667,20.750000,12,12,12
2014-07-31,Dingling,1,189.666667,189.666667,22.250000,12,12,12
2014-07-31,Dongsi,0,225.333333,225.333333,45.416667,12,12,12
2014-07-31,Dongsi,1,199.750000,199.750000,30.666667,12,12,12
2014-08-01,Aotizhongxin,0,175.090909,175.090909,52.000000,11,11,11
2014-08-01,Aotizhongxin,1,147.083333,147.083333,37.083333,12,12,12
2014-08-01,Changping,0,190.333333,190.333333,41.416667,12,12,12
2014-08-01,Changping,1,149.083333,157.166667,28.250000,12,12,12
2014-08-01,Dingling,0,175.916667,175.916667,26.916667,12,12,12
2014-08-01,Dingling,1,141.250000,142.250000,19.083333,12,12,12
2014-08-01,Dongsi,0,171.916667,171.916667,49.416667,12,12,12
2014-08-01,Dongsi,1,148.500000,148.500000,29.083333,12,12,12
2014-08-02,Aotizhongxin,0,103.750000,103.750000,63.416667,12,12,12
2014-08-02,Aotizhongxin,1,137.333333,137.333333,40.750000,12,12,12
2014-08-02,Changping,0,135.916667,139.000000,38.416667,12,12,12
2014-08-02,Changping,1,140.916667,151.250000,27.916667,12,12,12
2014-08-02,Dingling,0,151.083333,151.083333,26.833333,12,12,12
2014-08-02,Dingling,1,137.666667,138.916667,22.083333,12,12,12
2014-08-02,Dongsi,0,101.750000,101.750000,55.833333,12,12,12
2014-08-02,Dongsi,1,140.583333,140.583333,31.166667,12,12,12
2014-08-03,Aotizhongxin,0,147.166667,147.166667,51.750000,12,12,12
2014-08-03,Aotizhongxin,1,90.666667,90.666667,45.250000,12,12,12
2014-08-03,Changping,0,152.583333,162.583333,50.916667,12,12,12
2014-08-03,Changping,1,64.416667,72.083333,27.666667,12,12,12
2014-08-03,Dingling,0,140.250000,140.500000,18.583333,12,12,12
2014-08-03,Dingling,1,80.250000,82.166667,18.833333,12,12,12
2014-08-03,Dongsi,0,160.500000,160.500000,57.666667,12,12,12
2014-08-03,Dongsi,1,101.166667,101.166667,42.166667,12,12,12
2014-08-04,Aotizhongxin,0,68.083333,68.083333,67.416667,12,12,12
2014-08-04,Aotizhongxin,1,8.833333,8.833333,34.416667,12,12,12
2014-08-04,Changping,0,34.916667,51.333333,28.583333,12,12,12
2014-08-04,Changping,1,11.166667,19.833333,29.916667,12,12,12
2014-08-04,Dingling,0,19.333333,22.416667,11.333333,12,12,12
2014-08-04,Dingling,1,6.833333,14.166667,14.583333,12,12,12
2014-08-04,Dongsi,0,74.666667,74.666667,61.166667,12,12,12
2014-08-04,Dongsi,1,10.416667,10.416667,30.666667,12,12,12
2014-08-05,Aotizhongxin,0,17.333333,17.333333,43.500000,12,12,12
2014-08-05,Aotizhongxin,1,35.250000,35.250000,44.333333,12,12,12
2014-08-05,Changping,0,24.583333,40.166667,36.166667,12,12,12
2014-08-05,Changping,1,33.083333,59.000000,31.000000,12,12,12
2014-08-05,Dingling,0,18.750000,22.500000,15.583333,12,12,12
2014-08-05,Dingling,1,28.833333,50.500000,23.750000,12,12,12
2014-08-05,Dongsi,0,13.333333,13.333333,40.416667,12,12,12
2014-08-05,Dongsi,1,35.083333,35.083333,37.000000,12,12,12
2014-08-06,Aotizhongxin,0,54.583333,54.583333,78.250000,12,12,12
2014-08-06,Aotizhongxin,1,19.583333,19.583333,41.750000,12,12,12
2014-08-06,Changping,0,28.583333,44.166667,38.583333,12,12,12
2014-08-06,Changping,1,10.750000,31.000000,29.083333,12,12,12
2014-08-06,Dingling,0,17.833333,23.083333,12.500000,12,12,12
2014-08-06,Dingling,1,5.083333,17.416667,13.000000,12,12,12
2014-08-06,Dongsi,0,53.083333,53.083333,69.583333,12,12,12
2014-08-06,Dongsi,1,14.833333,14.833333,39.916667,12,12,12
2014-08-07,Aotizhongxin,0,94.333333,94.333333,82.083333,12,12,12
2014-08-07,Aotizhongxin,1,61.166667,61.166667,39.833333,12,12,12
2014-08-07,Changping,0,34.500000,64.666667,38.166667,12,12,12
2014-08-07,Changping,1,46.250000,82.416667,29.666667,12,12,12
2014-08-07,Dingling,0,29.833333,54.000000,18.250000,12,12,12
2014-08-07,Dingling,1,43.916667,69.416667,20.583333,12,12,12
2014-08-07,Dongsi,0,95.666667,95.666667,71.083333,12,12,12
2014-08-07,Dongsi,1,50.636364,50.636364,32.727273,11,11,11
2014-08-08,Aotizhongxin,0,72.916667,72.916667,70.666667,12,12,12
2014-08-08,Aotizhongxin,1,62.666667,62.666667,37.583333,12,12,12
2014-08-08,Changping,0,69.833333,103.166667,45.000000,12,12,12
2014-08-08,Changping,1,58.000000,84.583333,33.500000,12,12,12
2014-08-08,Dingling,0,66.083333,87.333333,23.500000,12,12,12
2014-08-08,Dingling,1,56.083333,79.916667,18.583333,12,12,12
2014-08-08,Dongsi,0,66.500000,66.500000,61.916667,12,12,12
2014-08-08,Dongsi,1,58.833333,58.833333,30.166667,12,12,12
2014-08-09,Aotizhongxin,0,117.583333,117.583333,72.000000,12,12,12
2014-08-09,Aotizhongxin,1,55.583333,55.583333,25.833333,12,12,12
2014-08-09,Changping,0,87.416667,134.083333,46.250000,12,12,12
2014-08-09,Changping,1,67.833333,95.833333,27.500000,12,12,12
2014-08-09,Dingling,0,78.583333,105.166667,25.750000,12,12,12
2014-08-09,Dingling,1,73.500000,91.833333,17.666667,12,12,12
2014-08-09,Dongsi,0,119.333333,119.333333,63.833333,12,12,12
2014-08-09,Dongsi,1,51.166667,51.166667,21.666667,12,12,12
2014-08-10,Aotizhongxin,0,27.583333,27.583333,40.916667,12,12,12
2014-08-10,Aotizhongxin,1,45.416667,45.416667,42.083333,12,12,12
2014-08-10,Changping,0,18.833333,23.666667,38.000000,12,12,12
2014-08-10,Changping,1,27.083333,52.083333,27.833333,12,12,12
2014-08-10,Dingling,0,13.333333,17.500000,14.583333,12,12,12
2014-08-10,Dingling,1,26.500000,38.333333,19.333333,12,12,12
2014-08-10,Dongsi,0,32.333333,32.333333,36.916667,12,12,12
2014-08-10,Dongsi,1,44.166667,44.166667,30.666667,12,12,12
2014-08-11,Aotizhongxin,0,33.166667,33.166667,55.833333,12,12,12
2014-08-11,Aotizhongxin,1,15.333333,15.333333,36.416667,12,12,12
2014-08-11,Changping,0,9.333333,20.666667,23.166667,12,12,12
2014-08-11,Changping,1,13.666667,37.083333,33.000000,12,12,12
2014-08-11,Dingling,0,5.333333,8.666667,11.000000,12,12,12
2014-08-11,Dingling,1,12.400000,25.800000,16.960000,5,5,5
2014-08-11,Dongsi,0,32.250000,32.250000,58.000000,12,12,12
2014-08-11,Dongsi,1,13.666667,13.666667,31.658333,12,12,12
2014-08-12,Aotizhongxin,0,23.833333,23.833333,72.166667,12,12,12
2014-08-12,Aotizhongxin,1,30.666667,30.666667,36.500000,12,12,12
2014-08-12,Changping,0,17.083333,38.166667,38.916667,12,12,12
2014-08-12,Changping,1,18.909091,40.909091,32.000000,11,11,12
2014-08-12,Dingling,0,10.709091,23.063636,16.972727,11,11,11
2014-08-12,Dingling,1,20.833333,41.250000,14.666667,12,12,12
2014-08-12,Dongsi,0,21.833333,21.833333,68.666667,12,12,12
2014-08-12,Dongsi,1,29.000000,29.000000,31.272727,11,11,11
2014-08-13,Aotizhongxin,0,31.416667,31.416667,49.750000,12,12,12
2014-08-13,Aotizhongxin,1,25.566667,25.566667,40.333333,12,12,12
2014-08-13,Changping,0,26.500000,31.500000,37.666667,12,12,12
2014-08-13,Changping,1,38.083333,39.083333,34.400000,12,12,12
2014-08-13,Dingling,0,19.750000,30.166667,23.333333,12,12,12
2014-08-13,Dingling,1,26.316667,27.400000,22.875000,12,12,12
2014-08-13,Dongsi,0,29.500000,29.500000,31.500000,12,12,12
2014-08-13,Dongsi,1,25.141667,25.141667,36.066667,12,12,12
2014-08-14,Aotizhongxin,0,26.833333,26.833333,54.416667,12,12,12
2014-08-14,Aotizhongxin,1,34.750000,34.750000,49.083333,12,12,12
2014-08-14,Changping,0,26.166667,34.250000,34.083333,12,12,12
2014-08-14,Changping,1,30.000000,49.833333,36.083333,12,12,12
2014-08-14,Dingling,0,20.916667,26.500000,18.833333,12,12,12
2014-08-14,Dingling,1,27.333333,44.500000,24.166667,12,12,12
2014-08-14,Dongsi,0,29.083333,29.083333,41.250000,12,12,12
2014-08-14,Dongsi,1,38.250000,38.250000,38.500000,12,12,12
2014-08-15,Aotizhongxin,0,57.916667,57.916667,82.000000,12,12,12
2014-08-15,Aotizhongxin,1,31.583333,31.583333,40.583333,12,12,12
2014-08-15,Changping,0,21.416667,43.166667,47.666667,12,12,12
2014-08-15,Changping,1,29.250000,58.333333,33.333333,12,12,12
2014-08-15,Dingling,0,13.500000,22.416667,21.750000,12,12,12
2014-08-15,Dingling,1,24.916667,46.000000,20.083333,12,12,12
2014-08-15,Dongsi,0,55.666667,55.666667,76.666667,12,12,12
2014-08-15,Dongsi,1,31.333333,31.333333,32.250000,12,12,12
2014-08-16,Aotizhongxin,0,55.583333,55.583333,92.083333,12,12,12
2014-08-16,Aotizhongxin,1,64.166667,64.166667,41.666667,12,12,12
2014-08-16,Changping,0,25.658333,50.833333,43.233333,12,12,12
2014-08-16,Changping,1,52.750000,92.166667,32.000000,12,12,12
2014-08-16,Dingling,0,21.750000,32.500000,14.583333,12,12,12
2014-08-16,Dingling,1,48.500000,84.166667,19.500000,12,12,12
2014-08-16,Dongsi,0,62.000000,62.000000,78.250000,12,12,12
2014-08-16,Dongsi,1,74.000000,74.000000,35.583333,12,12,12
2014-08-17,Aotizhongxin,0,66.083333,66.083333,39.500000,12,12,12
2014-08-17,Aotizhongxin,1,44.416667,73.583333,40.333333,12,12,12
2014-08-17,Changping,0,109.083333,127.666667,28.250000,12,12,12
2014-08-17,Changping,1,38.916667,70.833333,27.750000,12,12,12
2014-08-17,Dingling,0,63.916667,87.666667,16.583333,12,12,12
2014-08-17,Dingling,1,35.500000,63.083333,19.333333,12,12,12
2014-08-17,Dongsi,0,63.916667,63.916667,33.166667,12,12,12
2014-08-17,Dongsi,1,42.333333,42.333333,32.583333,12,12,12
2014-08-18,Aotizhongxin,0,54.833333,80.916667,58.583333,12,12,12
2014-08-18,Aotizhongxin,1,77.083333,105.083333,39.250000,12,12,12
2014-08-18,Changping,0,44.166667,61.666667,38.250000,12,12,12
2014-08-18,Changping,1,70.666667,101.583333,30.166667,12,12,12
2014-08-18,Dingling,0,40.333333,56.916667,14.583333,12,12,12
2014-08-18,Dingling,1,66.500000,98.000000,20.833333,12,12,12
2014-08-18,Dongsi,0,50.358333,50.358333,52.583333,12,12,12
2014-08-18,Dongsi,1,78.333333,78.333333,28.333333,12,12,12
2014-08-19,Aotizhongxin,0,105.583333,141.250000,66.250000,12,12,12
2014-08-19,Aotizhongxin,1,77.666667,119.166667,36.000000,12,12,12
2014-08-19,Changping,0,92.916667,109.416667,37.083333,12,12,12
2014-08-19,Changping,1,72.666667,107.833333,29.750000,12,12,12
2014-08-19,Dingling,0,85.000000,101.666667,16.916667,12,12,12
2014-08-19,Dingling,1,64.583333,95.583333,18.166667,12,12,12
2014-08-19,Dongsi,0,102.583333,105.750000,58.166667,12,12,12
2014-08-19,Dongsi,1,73.250000,98.583333,25.000000,12,12,12
2014-08-20,Aotizhongxin,0,113.250000,158.416667,62.916667,12,12,12
2014-08-20,Aotizhongxin,1,102.441667,143.591667,41.658333,12,12,12
2014-08-20,Changping,0,98.583333,132.416667,45.833333,12,12,12
2014-08-20,Changping,1,116.500000,160.425000,31.591667,12,12,12
2014-08-20,Dingling,0,90.250000,118.500000,22.333333,12,12,12
2014-08-20,Dingling,1,114.366667,160.850000,22.025000,12,12,12
2014-08-20,Dongsi,0,107.500000,140.166667,45.333333,12,12,12
2014-08-20,Dongsi,1,98.575000,132.000000,26.591667,12,12,12
2014-08-21,Aotizhongxin,0,139.583333,187.083333,83.500000,12,12,12
2014-08-21,Aotizhongxin,1,128.583333,157.666667,48.166667,12,12,12
2014-08-21,Changping,0,120.166667,149.000000,66.833333,12,12,12
2014-08-21,Changping,1,121.000000,147.000000,32.916667,12,12,12
2014-08-21,Dingling,0,117.250000,142.583333,28.166667,12,12,12
2014-08-21,Dingling,1,119.250000,146.666667,26.000000,12,12,10
2014-08-21,Dongsi,0,146.250000,189.000000,65.750000,12,12,12
2014-08-21,Dongsi,1,135.166667,160.833333,37.333333,12,12,12
2014-08-22,Aotizhongxin,0,25.750000,34.583333,50.166667,12,12,12
2014-08-22,Aotizhongxin,1,90.000000,134.750000,109.083333,12,12,12
2014-08-22,Changping,0,26.250000,35.916667,49.250000,12,12,12
2014-08-22,Changping,1,45.416667,78.083333,56.416667,12,12,12
2014-08-22,Dingling,0,20.583333,24.666667,19.166667,12,12,12
2014-08-22,Dingling,1,45.333333,69.916667,37.666667,12,12,12
2014-08-22,Dongsi,0,23.750000,42.750000,47.250000,12,12,12
2014-08-22,Dongsi,1,96.283333,140.700000,85.175000,12,12,12
2014-08-23,Aotizhongxin,0,114.666667,147.750000,100.166667,12,12,12
2014-08-23,Aotizhongxin,1,123.666667,154.666667,52.250000,12,12,12
2014-08-23,Changping,0,63.000000,69.916667,48.750000,12,12,12
2014-08-23,Changping,1,66.166667,89.083333,29.166667,12,12,12
2014-08-23,Dingling,0,59.166667,65.833333,20.250000,12,12,12
2014-08-23,Dingling,1,61.333333,85.916667,19.166667,12,12,12
2014-08-23,Dongsi,0,133.833333,168.583333,98.583333,12,12,12
2014-08-23,Dongsi,1,134.416667,155.416667,39.250000,12,12,12
2014-08-24,Aotizhongxin,0,19.833333,24.750000,43.583333,12,12,12
2014-08-24,Aotizhongxin,1,19.083333,59.833333,28.416667,12,12,12
2014-08-24,Changping,0,9.500000,17.250000,30.416667,12,12,12
2014-08-24,Changping,1,10.750000,36.250000,26.333333,12,12,12
2014-08-24,Dingling,0,5.583333,8.166667,8.083333,12,12,12
2014-08-24,Dingling,1,11.666667,25.166667,11.250000,12,12,12
2014-08-24,Dongsi,0,20.833333,23.333333,36.500000,12,12,12
2014-08-24,Dongsi,1,14.833333,65.583333,26.100000,12,12,12
2014-08-25,Aotizhongxin,0,21.909091,35.818182,52.000000,11,11,12
2014-08-25,Aotizhongxin,1,15.416667,45.916667,38.166667,12,12,12
2014-08-25,Changping,0,10.750000,18.833333,25.583333,12,12,12
2014-08-25,Changping,1,13.416667,35.833333,35.083333,12,12,12
2014-08-25,Dingling,0,8.200000,12.700000,13.308333,12,12,12
2014-08-25,Dingling,1,9.250000,23.666667,14.500000,12,12,12
2014-08-25,Dongsi,0,17.916667,32.500000,48.833333,12,12,12
2014-08-25,Dongsi,1,10.250000,45.000000,37.250000,12,12,12
2014-08-26,Aotizhongxin,0,32.500000,101.833333,88.916667,12,12,12
2014-08-26,Aotizhongxin,1,20.250000,64.083333,62.300000,12,12,10
2014-08-26,Changping,0,16.666667,39.250000,43.083333,12,12,12
2014-08-26,Changping,1,16.833333,40.000000,40.083333,12,12,12
2014-08-26,Dingling,0,11.916667,32.416667,19.916667,12,12,12
2014-08-26,Dingling,1,10.833333,31.833333,13.333333,12,12,12
2014-08-26,Dongsi,0,27.166667,87.583333,81.000000,12,12,12
2014-08-26,Dongsi,1,17.750000,59.333333,46.750000,12,12,12
2014-08-27,Aotizhongxin,0,37.583333,116.750000,100.666667,12,12,12
2014-08-27,Aotizhongxin,1,67.000000,137.416667,50.900000,12,12,10
2014-08-27,Changping,0,17.000000,45.750000,43.500000,12,12,12
2014-08-27,Changping,1,61.166667,114.000000,38.916667,12,12,12
2014-08-27,Dingling,0,11.666667,32.250000,13.916667,12,12,12
2014-08-27,Dingling,1,54.916667,109.250000,18.416667,12,12,12
2014-08-27,Dongsi,0,38.000000,119.916667,100.416667,12,12,12
2014-08-27,Dongsi,1,66.333333,141.416667,42.833333,12,12,12
2014-08-28,Aotizhongxin,0,83.550000,165.833333,80.733333,12,12,12
2014-08-28,Aotizhongxin,1,83.858333,109.266667,56.300000,12,12,10
2014-08-28,Changping,0,61.391667,80.333333,41.550000,12,12,12
2014-08-28,Changping,1,75.391667,89.616667,33.825000,12,12,12
2014-08-28,Dingling,0,65.341667,89.875000,21.200000,12,12,12
2014-08-28,Dingling,1,72.783333,94.500000,17.058333,12,12,12
2014-08-28,Dongsi,0,84.808333,137.591667,70.658333,12,12,12
2014-08-28,Dongsi,1,90.308333,117.091667,48.133333,12,12,12
2014-08-29,Aotizhongxin,0,68.583333,72.166667,35.416667,12,12,12
2014-08-29,Aotizhongxin,1,89.083333,109.166667,55.916667,12,12,12
2014-08-29,Changping,0,70.833333,71.833333,30.583333,12,12,12
2014-08-29,Changping,1,61.083333,71.333333,29.000000,12,12,12
2014-08-29,Dingling,0,58.916667,65.000000,9.916667,12,12,12
2014-08-29,Dingling,1,53.916667,69.000000,15.666667,12,12,12
2014-08-29,Dongsi,0,73.833333,77.500000,33.750000,12,12,12
2014-08-29,Dongsi,1,93.583333,105.666667,47.083333,12,12,12
2014-08-30,Aotizhongxin,0,141.333333,161.833333,89.583333,12,12,12
2014-08-30,Aotizhongxin,1,147.666667,151.833333,68.666667,12,12,12
2014-08-30,Changping,0,103.416667,111.833333,62.750000,12,12,12
2014-08-30,Changping,1,128.083333,129.250000,34.000000,12,12,12
2014-08-30,Dingling,0,89.833333,108.083333,34.500000,12,12,12
2014-08-30,Dingling,1,121.166667,137.083333,18.250000,12,12,12
2014-08-30,Dongsi,0,148.750000,162.500000,77.166667,12,12,12
2014-08-30,Dongsi,1,162.416667,169.083333,64.000000,12,12,12
2014-08-31,Aotizhongxin,0,66.166667,66.666667,39.833333,12,12,12
2014-08-31,Aotizhongxin,1,74.583333,78.416667,37.583333,12,12,12
2014-08-31,Changping,0,23.083333,25.250000,24.833333,12,12,12
2014-08-31,Changping,1,46.916667,50.750000,20.083333,12,12,12
2014-08-31,Dingling,0,19.583333,24.083333,9.916667,12,12,12
2014-08-31,Dingling,1,36.272727,44.636364,9.416667,11,11,12
2014-08-31,Dongsi,0,83.166667,83.166667,33.333333,12,12,12
2014-08-31,Dongsi,1,84.333333,88.083333,35.666667,12,12,12
2014-09-01,Aotizhongxin,0,95.833333,98.333333,65.833333,12,12,12
2014-09-01,Aotizhongxin,1,116.025000,116.025000,69.008333,12,12,12
2014-09-01,Changping,0,69.500000,70.916667,29.750000,12,12,12
2014-09-01,Changping,1,83.208333,83.208333,27.066667,12,12,12
2014-09-01,Dingling,0,54.166667,65.250000,14.750000,12,12,12
2014-09-01,Dingling,1,78.883333,83.550000,14.966667,12,12,12
2014-09-01,Dongsi,0,111.666667,114.166667,67.250000,12,12,12
2014-09-01,Dongsi,1,118.075000,128.741667,55.483333,12,12,12
2014-09-02,Aotizhongxin,0,29.333333,29.333333,38.250000,12,12,12
2014-09-02,Aotizhongxin,1,19.750000,23.416667,39.666667,12,12,12
2014-09-02,Changping,0,23.750000,25.583333,45.083333,12,12,12
2014-09-02,Changping,1,9.416667,12.166667,25.666667,12,12,12
2014-09-02,Dingling,0,13.083333,17.916667,18.666667,12,12,12
2014-09-02,Dingling,1,6.500000,9.666667,5.833333,12,12,12
2014-09-02,Dongsi,0,27.166667,29.166667,33.916667,12,12,12
2014-09-02,Dongsi,1,12.250000,18.750000,40.916667,12,12,12
2014-09-03,Aotizhongxin,0,16.416667,21.750000,58.454545,12,12,11
2014-09-03,Aotizhongxin,1,16.916667,49.416667,44.100000,12,12,10
2014-09-03,Changping,0,10.833333,13.083333,28.916667,12,12,12
2014-09-03,Changping,1,17.833333,44.416667,42.333333,12,12,12
2014-09-03,Dingling,0,12.000000,13.750000,10.916667,12,12,12
2014-09-03,Dingling,1,12.416667,43.583333,15.454545,12,12,11
2014-09-03,Dongsi,0,4.166667,9.833333,43.750000,12,12,12
2014-09-03,Dongsi,1,11.416667,44.666667,34.333333,12,12,12
2014-09-04,Aotizhongxin,0,49.166667,96.416667,101.000000,12,12,12
2014-09-04,Aotizhongxin,1,40.666667,109.916667,63.750000,12,12,12
2014-09-04,Changping,0,47.083333,96.750000,74.916667,12,12,12
2014-09-04,Changping,1,33.300000,80.200000,45.200000,10,10,10
2014-09-04,Dingling,0,15.583333,30.166667,16.333333,12,12,12
2014-09-04,Dingling,1,21.916667,78.500000,20.083333,12,12,12
2014-09-04,Dongsi,0,46.833333,99.833333,86.000000,12,12,12
2014-09-04,Dongsi,1,34.500000,94.916667,50.166667,12,12,12
2014-09-05,Aotizhongxin,0,83.916667,168.333333,105.250000,12,12,12
2014-09-05,Aotizhongxin,1,115.166667,154.750000,43.000000,12,12,12
2014-09-05,Changping,0,42.583333,88.750000,36.333333,12,12,12
2014-09-05,Changping,1,117.083333,158.583333,21.166667,12,12,12
2014-09-05,Dingling,0,36.250000,88.416667,18.833333,12,12,12
2014-09-05,Dingling,1,100.750000,167.833333,19.416667,12,12,12
2014-09-05,Dongsi,0,80.500000,157.333333,87.500000,12,12,12
2014-09-05,Dongsi,1,111.750000,153.583333,37.666667,12,12,12
2014-09-06,Aotizhongxin,0,142.250000,147.166667,62.833333,12,12,12
2014-09-06,Aotizhongxin,1,138.416667,169.333333,46.000000,12,12,12
2014-09-06,Changping,0,141.583333,143.500000,18.416667,12,12,12
2014-09-06,Changping,1,136.250000,160.500000,23.416667,12,12,12
2014-09-06,Dingling,0,135.416667,158.333333,18.500000,12,12,12
2014-09-06,Dingling,1,130.166667,182.666667,17.916667,12,12,12
2014-09-06,Dongsi,0,147.333333,149.666667,48.000000,12,12,12
2014-09-06,Dongsi,1,138.750000,152.083333,37.583333,12,12,12
2014-09-07,Aotizhongxin,0,170.250000,210.416667,86.500000,12,12,12
2014-09-07,Aotizhongxin,1,143.250000,178.750000,52.250000,12,12,12
2014-09-07,Changping,0,179.250000,182.166667,31.833333,12,12,12
2014-09-07,Changping,1,125.916667,132.750000,21.250000,12,12,12
2014-09-07,Dingling,0,149.416667,173.083333,15.000000,12,12,12
2014-09-07,Dingling,1,113.416667,132.000000,17.083333,12,12,12
2014-09-07,Dongsi,0,174.500000,198.833333,64.000000,12,12,12
2014-09-07,Dongsi,1,136.000000,165.000000,32.833333,12,12,12
2014-09-08,Aotizhongxin,0,14.416667,27.500000,24.000000,12,12,12
2014-09-08,Aotizhongxin,1,13.666667,43.083333,30.750000,12,12,12
2014-09-08,Changping,0,4.583333,15.083333,14.083333,12,12,12
2014-09-08,Changping,1,11.333333,33.833333,17.833333,12,12,12
2014-09-08,Dingling,0,6.416667,15.916667,10.583333,12,12,12
2014-09-08,Dingling,1,6.583333,29.333333,14.666667,12,12,12
2014-09-08,Dongsi,0,13.333333,26.166667,26.500000,12,12,12
2014-09-08,Dongsi,1,5.166667,40.416667,26.083333,12,12,12
2014-09-09,Aotizhongxin,0,24.833333,71.000000,64.333333,12,12,12
2014-09-09,Aotizhongxin,1,51.166667,117.416667,67.333333,12,12,12
2014-09-09,Changping,0,12.750000,32.666667,22.416667,12,12,12
2014-09-09,Changping,1,41.750000,90.916667,27.500000,12,12,12
2014-09-09,Dingling,0,12.500000,28.250000,12.416667,12,12,12
2014-09-09,Dingling,1,39.000000,97.000000,18.750000,12,12,12
2014-09-09,Dongsi,0,19.416667,83.083333,64.916667,12,12,12
2014-09-09,Dongsi,1,44.181818,106.727273,47.583333,11,11,12
2014-09-10,Aotizhongxin,0,85.916667,164.250000,95.750000,12,12,12
2014-09-10,Aotizhongxin,1,60.083333,119.833333,72.250000,12,12,12
2014-09-10,Changping,0,67.166667,107.000000,37.250000,12,12,12
2014-09-10,Changping,1,53.583333,93.833333,30.833333,12,12,12
2014-09-10,Dingling,0,60.833333,105.833333,14.750000,12,12,12
2014-09-10,Dingling,1,47.750000,95.583333,16.083333,12,12,12
2014-09-10,Dongsi,0,76.416667,125.333333,72.000000,12,12,12
2014-09-10,Dongsi,1,54.750000,94.583333,51.250000,12,12,12
2014-09-11,Aotizhongxin,0,82.250000,166.166667,104.750000,12,12,12
2014-09-11,Aotizhongxin,1,96.416667,135.916667,66.333333,12,12,12
2014-09-11,Changping,0,58.750000,97.833333,45.416667,12,12,12
2014-09-11,Changping,1,78.416667,107.500000,27.333333,12,12,12
2014-09-11,Dingling,0,51.833333,95.666667,18.500000,12,12,12
2014-09-11,Dingling,1,71.416667,104.333333,19.083333,12,12,12
2014-09-11,Dongsi,0,81.416667,134.500000,80.500000,12,12,12
2014-09-11,Dongsi,1,109.000000,145.916667,61.250000,12,12,12
2014-09-12,Aotizhongxin,0,84.833333,85.666667,66.416667,12,12,12
2014-09-12,Aotizhongxin,1,59.083333,87.416667,78.416667,12,12,12
2014-09-12,Changping,0,90.500000,90.500000,33.166667,12,12,12
2014-09-12,Changping,1,84.000000,91.583333,34.833333,12,12,12
2014-09-12,Dingling,0,72.750000,72.750000,17.250000,12,12,12
2014-09-12,Dingling,1,65.416667,73.666667,15.750000,12,12,12
2014-09-12,Dongsi,0,84.416667,84.916667,46.083333,12,12,12
2014-09-12,Dongsi,1,57.166667,77.916667,65.416667,12,12,12
2014-09-13,Aotizhongxin,0,79.000000,138.833333,88.750000,12,12,12
2014-09-13,Aotizhongxin,1,57.583333,95.083333,37.083333,12,12,12
2014-09-13,Changping,0,89.666667,91.166667,38.416667,12,12,12
2014-09-13,Changping,1,68.250000,85.833333,35.416667,12,12,12
2014-09-13,Dingling,0,75.333333,79.416667,19.416667,12,12,12
2014-09-13,Dingling,1,60.333333,90.250000,30.750000,12,12,12
2014-09-13,Dongsi,0,65.166667,99.916667,76.833333,12,12,12
2014-09-13,Dongsi,1,56.166667,79.333333,27.666667,12,12,12
2014-09-14,Aotizhongxin,0,75.166667,100.916667,68.833333,12,12,12
2014-09-14,Aotizhongxin,1,20.750000,77.833333,50.166667,12,12,12
2014-09-14,Changping,0,36.916667,46.916667,24.583333,12,12,12
2014-09-14,Changping,1,13.833333,37.833333,25.083333,12,12,12
2014-09-14,Dingling,0,33.166667,48.083333,12.500000,12,12,12
2014-09-14,Dingling,1,12.166667,33.416667,16.666667,12,12,12
2014-09-14,Dongsi,0,79.250000,115.250000,69.916667,12,12,12
2014-09-14,Dongsi,1,15.250000,51.750000,47.500000,12,12,12
2014-09-15,Aotizhongxin,0,26.000000,50.666667,53.250000,12,12,12
2014-09-15,Aotizhongxin,1,14.416667,59.250000,32.416667,12,12,12
2014-09-15,Changping,0,13.083333,19.916667,29.083333,12,12,12
2014-09-15,Changping,1,11.727273,33.181818,29.000000,11,11,10
2014-09-15,Dingling,0,9.363636,16.666667,10.416667,11,12,12
2014-09-15,Dingling,1,7.583333,24.583333,6.000000,12,12,12
2014-09-15,Dongsi,0,19.833333,59.333333,50.583333,12,12,12
2014-09-15,Dongsi,1,11.166667,43.333333,29.666667,12,12,12
2014-09-16,Aotizhongxin,0,26.750000,76.583333,64.363636,12,12,11
2014-09-16,Aotizhongxin,1,58.083333,142.083333,100.500000,12,12,12
2014-09-16,Changping,0,13.250000,46.833333,35.833333,12,12,12
2014-09-16,Changping,1,32.500000,76.416667,45.083333,12,12,12
2014-09-16,Dingling,0,9.416667,24.333333,10.916667,12,12,12
2014-09-16,Dingling,1,23.600000,62.800000,25.800000,5,5,5
2014-09-16,Dongsi,0,23.333333,84.916667,64.916667,12,12,12
2014-09-16,Dongsi,1,55.250000,116.416667,86.583333,12,12,12
2014-09-17,Aotizhongxin,0,31.833333,80.833333,65.500000,12,12,12
2014-09-17,Aotizhongxin,1,62.916667,115.000000,74.600000,12,12,10
2014-09-17,Changping,0,62.750000,102.333333,51.250000,12,12,12
2014-09-17,Changping,1,98.166667,133.166667,65.333333,12,12,12
2014-09-17,Dingling,0,90.750000,101.250000,38.500000,4,4,4
2014-09-17,Dingling,1,96.833333,118.583333,54.250000,12,12,12
2014-09-17,Dongsi,0,20.583333,49.750000,49.833333,12,12,12
2014-09-17,Dongsi,1,52.000000,91.916667,66.333333,12,12,12
2014-09-18,Aotizhongxin,0,87.166667,110.750000,88.000000,12,12,2
2014-09-18,Aotizhongxin,1,52.500000,90.583333,67.166667,12,12,12
2014-09-18,Changping,0,80.416667,90.000000,39.666667,12,12,12
2014-09-18,Changping,1,43.000000,76.416667,49.083333,12,12,12
2014-09-18,Dingling,0,70.583333,73.416667,20.166667,12,12,12
2014-09-18,Dingling,1,34.500000,49.000000,25.333333,12,12,12
2014-09-18,Dongsi,0,81.750000,109.250000,77.833333,12,12,12
2014-09-18,Dongsi,1,52.500000,73.666667,55.750000,12,12,12
2014-09-19,Aotizhongxin,0,86.666667,158.750000,102.083333,12,12,12
2014-09-19,Aotizhongxin,1,91.416667,130.666667,66.833333,12,12,12
2014-09-19,Changping,0,47.166667,81.583333,55.250000,12,12,12
2014-09-19,Changping,1,100.416667,117.833333,45.083333,12,12,12
2014-09-19,Dingling,0,40.416667,55.833333,27.833333,12,12,12
2014-09-19,Dingling,1,100.833333,110.416667,29.750000,12,12,12
2014-09-19,Dongsi,0,98.416667,141.416667,73.500000,12,12,12
2014-09-19,Dongsi,1,88.416667,100.750000,49.250000,12,12,12
2014-09-20,Aotizhongxin,0,119.666667,119.666667,70.583333,12,12,12
2014-09-20,Aotizhongxin,1,138.916667,173.416667,73.000000,12,12,12
2014-09-20,Changping,0,92.333333,92.333333,29.583333,12,12,12
2014-09-20,Changping,1,97.333333,107.166667,23.416667,12,12,12
2014-09-20,Dingling,0,83.666667,83.666667,7.250000,12,12,12
2014-09-20,Dingling,1,96.000000,98.916667,13.166667,12,12,12
2014-09-20,Dongsi,0,126.000000,126.833333,77.833333,12,12,12
2014-09-20,Dongsi,1,148.333333,164.250000,58.166667,12,12,12
2014-09-21,Aotizhongxin,0,119.750000,126.833333,73.833333,12,12,12
2014-09-21,Aotizhongxin,1,92.500000,121.250000,58.083333,12,12,12
2014-09-21,Changping,0,103.000000,115.250000,34.166667,12,12,12
2014-09-21,Changping,1,88.416667,122.916667,35.000000,12,12,12
2014-09-21,Dingling,0,100.833333,105.250000,24.333333,12,12,12
2014-09-21,Dingling,1,88.000000,109.000000,30.750000,12,12,12
2014-09-21,Dongsi,0,118.000000,126.666667,65.166667,12,12,12
2014-09-21,Dongsi,1,89.083333,105.833333,40.500000,12,12,12
2014-09-22,Aotizhongxin,0,87.333333,105.166667,72.583333,12,12,12
2014-09-22,Aotizhongxin,1,110.416667,139.666667,82.333333,12,12,12
2014-09-22,Changping,0,83.000000,88.583333,31.250000,12,12,12
2014-09-22,Changping,1,91.083333,105.166667,43.500000,12,12,12
2014-09-22,Dingling,0,87.000000,87.000000,24.416667,12,12,12
2014-09-22,Dingling,1,81.916667,94.750000,32.250000,12,12,12
2014-09-22,Dongsi,0,81.916667,96.583333,66.250000,12,12,12
2014-09-22,Dongsi,1,112.083333,139.833333,85.750000,12,12,12
2014-09-23,Aotizhongxin,0,58.916667,58.916667,52.416667,12,12,12
2014-09-23,Aotizhongxin,1,39.583333,39.583333,53.333333,12,12,12
2014-09-23,Changping,0,39.333333,39.333333,29.416667,12,12,12
2014-09-23,Changping,1,30.750000,30.750000,33.416667,12,12,12
2014-09-23,Dingling,0,35.500000,35.500000,16.750000,12,12,12
2014-09-23,Dingling,1,20.833333,20.833333,21.000000,12,12,12
2014-09-23,Dongsi,0,62.500000,62.833333,51.500000,12,12,12
2014-09-23,Dongsi,1,44.250000,35.000000,54.750000,12,12,12
2014-09-24,Aotizhongxin,0,23.333333,23.333333,39.250000,12,12,12
2014-09-24,Aotizhongxin,1,37.666667,55.333333,44.250000,12,12,12
2014-09-24,Changping,0,20.250000,20.250000,20.000000,12,12,12
2014-09-24,Changping,1,30.000000,42.000000,26.750000,12,12,12
2014-09-24,Dingling,0,12.250000,12.250000,11.166667,12,12,12
2014-09-24,Dingling,1,24.833333,29.666667,15.083333,12,12,12
2014-09-24,Dongsi,0,22.000000,40.000000,42.250000,12,12,12
2014-09-24,Dongsi,1,34.000000,47.583333,40.166667,12,12,12
2014-09-25,Aotizhongxin,0,95.750000,111.000000,69.083333,12,12,12
2014-09-25,Aotizhongxin,1,141.166667,143.500000,78.333333,12,12,12
2014-09-25,Changping,0,48.000000,51.833333,30.833333,12,12,12
2014-09-25,Changping,1,131.000000,133.000000,41.166667,12,12,12
2014-09-25,Dingling,0,47.000000,47.333333,10.750000,12,12,12
2014-09-25,Dingling,1,127.916667,127.916667,31.333333,12,12,12
2014-09-25,Dongsi,0,90.416667,107.083333,63.333333,12,12,12
2014-09-25,Dongsi,1,133.666667,137.916667,62.416667,12,12,12
2014-09-26,Aotizhongxin,0,98.916667,98.916667,61.083333,12,12,12
2014-09-26,Aotizhongxin,1,163.333333,167.583333,83.750000,12,12,12
2014-09-26,Changping,0,106.083333,106.083333,53.083333,12,12,12
2014-09-26,Changping,1,121.500000,121.500000,57.750000,12,12,12
2014-09-26,Dingling,0,104.500000,104.500000,38.750000,12,12,12
2014-09-26,Dingling,1,101.333333,101.333333,30.916667,12,12,12
2014-09-26,Dongsi,0,92.833333,93.916667,55.583333,12,12,12
2014-09-26,Dongsi,1,171.250000,173.500000,77.250000,12,12,12
2014-09-27,Aotizhongxin,0,37.500000,47.416667,45.000000,12,12,12
2014-09-27,Aotizhongxin,1,31.666667,82.583333,60.666667,12,12,12
2014-09-27,Changping,0,12.250000,16.416667,17.833333,12,12,12
2014-09-27,Changping,1,18.250000,37.416667,25.083333,12,12,12
2014-09-27,Dingling,0,8.250000,9.250000,3.250000,12,12,12
2014-09-27,Dingling,1,15.916667,27.500000,10.250000,12,12,12
2014-09-27,Dongsi,0,27.750000,40.583333,46.083333,12,12,12
2014-09-27,Dongsi,1,18.333333,56.000000,52.500000,12,12,12
2014-09-28,Aotizhongxin,0,55.083333,128.166667,85.583333,12,12,12
2014-09-28,Aotizhongxin,1,64.500000,99.666667,82.666667,10,12,12
2014-09-28,Changping,0,32.416667,62.666667,45.833333,12,12,12
2014-09-28,Changping,1,85.583333,125.416667,74.750000,12,12,12
2014-09-28,Dingling,0,25.333333,39.666667,16.583333,12,12,12
2014-09-28,Dingling,1,84.083333,110.416667,54.000000,12,12,12
2014-09-28,Dongsi,0,53.909091,130.333333,79.666667,11,12,12
2014-09-28,Dongsi,1,61.500000,86.500000,62.500000,12,12,12
2014-09-29,Aotizhongxin,0,95.083333,130.250000,76.416667,12,12,12
2014-09-29,Aotizhongxin,1,16.416667,46.000000,30.500000,12,12,12
2014-09-29,Changping,0,86.416667,89.166667,32.333333,12,12,12
2014-09-29,Changping,1,11.166667,24.666667,15.500000,12,12,12
2014-09-29,Dingling,0,74.500000,74.916667,13.500000,12,12,12
2014-09-29,Dingling,1,8.416667,14.250000,10.666667,12,12,12
2014-09-29,Dongsi,0,97.500000,138.000000,68.083333,12,12,12
2014-09-29,Dongsi,1,15.000000,38.583333,28.750000,12,12,12
2014-09-30,Aotizhongxin,0,19.500000,53.416667,42.416667,12,12,12
2014-09-30,Aotizhongxin,1,34.250000,71.750000,44.583333,12,12,12
2014-09-30,Changping,0,18.416667,48.916667,41.750000,12,12,12
2014-09-30,Changping,1,29.000000,54.083333,38.916667,12,12,12
2014-09-30,Dingling,0,17.636364,40.000000,32.818182,11,11,11
2014-09-30,Dingling,1,25.090909,44.272727,30.250000,11,11,12
2014-09-30,Dongsi,0,14.166667,34.666667,40.250000,12,12,12
2014-09-30,Dongsi,1,28.272727,59.916667,44.416667,11,12,12
2014-10-01,Aotizhongxin,0,65.666667,120.000000,64.000000,12,12,12
2014-10-01,Aotizhongxin,1,81.666667,89.666667,63.166667,12,12,12
2014-10-01,Changping,0,39.583333,62.916667,48.250000,12,12,12
2014-10-01,Changping,1,77.416667,78.500000,52.833333,12,12,12
2014-10-01,Dingling,0,37.666667,37.666667,27.583333,12,12,12
2014-10-01,Dingling,1,77.916667,77.916667,48.833333,12,12,12
2014-10-01,Dongsi,0,64.416667,129.666667,65.416667,12,12,12
2014-10-01,Dongsi,1,73.416667,87.833333,61.583333,12,12,12
2014-10-02,Aotizhongxin,0,72.000000,72.000000,51.750000,12,12,12
2014-10-02,Aotizhongxin,1,50.750000,50.750000,58.666667,12,12,12
2014-10-02,Changping,0,60.583333,60.583333,37.000000,12,12,12
2014-10-02,Changping,1,25.000000,25.000000,28.000000,12,12,12
2014-10-02,Dingling,0,41.750000,41.750000,29.333333,12,12,12
2014-10-02,Dingling,1,20.333333,20.333333,16.333333,12,12,12
2014-10-02,Dongsi,0,61.666667,61.666667,45.083333,12,12,12
2014-10-02,Dongsi,1,65.000000,65.000000,66.250000,12,12,12
2014-10-03,Aotizhongxin,0,70.666667,72.250000,56.666667,12,12,12
2014-10-03,Aotizhongxin,1,129.166667,150.500000,74.833333,12,12,12
2014-10-03,Changping,0,35.916667,35.916667,30.583333,12,12,12
2014-10-03,Changping,1,115.000000,119.166667,50.500000,12,12,12
2014-10-03,Dingling,0,32.166667,34.833333,13.333333,12,12,12
2014-10-03,Dingling,1,120.250000,122.250000,38.583333,12,12,12
2014-10-03,Dongsi,0,92.916667,95.833333,61.166667,12,12,12
2014-10-03,Dongsi,1,139.416667,170.166667,77.750000,12,12,12
2014-10-04,Aotizhongxin,0,75.166667,75.166667,36.166667,12,12,12
2014-10-04,Aotizhongxin,1,91.250000,91.250000,59.083333,12,12,12
2014-10-04,Changping,0,82.666667,82.666667,28.500000,12,12,12
2014-10-04,Changping,1,78.333333,78.333333,32.500000,12,12,12
2014-10-04,Dingling,0,85.416667,85.416667,25.416667,12,12,12
2014-10-04,Dingling,1,76.916667,76.916667,22.000000,12,12,12
2014-10-04,Dongsi,0,60.083333,60.083333,36.000000,12,12,12
2014-10-04,Dongsi,1,76.750000,76.750000,51.083333,12,12,12
2014-10-05,Aotizhongxin,0,49.166667,49.166667,51.083333,12,12,12
2014-10-05,Aotizhongxin,1,16.000000,16.000000,39.454545,11,11,11
2014-10-05,Changping,0,34.500000,34.500000,26.250000,12,12,12
2014-10-05,Changping,1,11.750000,11.750000,14.250000,12,12,12
2014-10-05,Dingling,0,30.916667,30.916667,12.083333,12,12,12
2014-10-05,Dingling,1,8.500000,8.500000,6.500000,12,12,12
2014-10-05,Dongsi,0,46.166667,46.166667,42.000000,12,12,12
2014-10-05,Dongsi,1,16.272727,16.272727,40.454545,11,11,11
2014-10-06,Aotizhongxin,0,21.583333,31.500000,59.083333,12,12,12
2014-10-06,Aotizhongxin,1,46.000000,80.666667,56.416667,12,12,12
2014-10-06,Changping,0,18.166667,18.166667,35.916667,12,12,12
2014-10-06,Changping,1,31.583333,53.666667,39.250000,12,12,12
2014-10-06,Dingling,0,11.666667,11.666667,11.000000,12,12,12
2014-10-06,Dingling,1,22.583333,38.666667,18.000000,12,12,12
2014-10-06,Dongsi,0,13.833333,21.416667,58.416667,12,12,12
2014-10-06,Dongsi,1,38.166667,69.416667,50.833333,12,12,12
2014-10-07,Aotizhongxin,0,79.250000,131.500000,79.583333,12,12,12
2014-10-07,Aotizhongxin,1,189.750000,242.750000,127.416667,12,12,12
2014-10-07,Changping,0,59.833333,82.166667,46.000000,12,12,12
2014-10-07,Changping,1,127.666667,143.583333,50.333333,12,12,12
2014-10-07,Dingling,0,56.500000,66.250000,20.666667,12,12,12
2014-10-07,Dingling,1,117.000000,130.833333,33.333333,12,12,12
2014-10-07,Dongsi,0,71.083333,132.666667,79.833333,12,12,12
2014-10-07,Dongsi,1,189.000000,239.000000,112.166667,12,12,12
2014-10-08,Aotizhongxin,0,223.833333,231.416667,110.416667,12,12,12
2014-10-08,Aotizhongxin,1,344.750000,344.750000,147.416667,12,12,12
2014-10-08,Changping,0,209.916667,209.916667,45.000000,12,12,12
2014-10-08,Changping,1,283.166667,283.166667,64.583333,12,12,12
2014-10-08,Dingling,0,207.000000,207.000000,21.833333,12,12,12
2014-10-08,Dingling,1,272.500000,272.500000,36.583333,12,12,12
2014-10-08,Dongsi,0,220.500000,268.083333,119.000000,12,12,12
2014-10-08,Dongsi,1,302.363636,362.333333,147.333333,11,12,12
2014-10-09,Aotizhongxin,0,337.583333,337.583333,108.250000,12,12,12
2014-10-09,Aotizhongxin,1,353.833333,356.857143,111.714286,6,7,7
2014-10-09,Changping,0,359.500000,359.500000,66.333333,12,12,12
2014-10-09,Changping,1,361.600000,361.600000,53.909091,10,10,11
2014-10-09,Dingling,0,350.666667,350.666667,22.416667,12,12,12
2014-10-09,Dingling,1,346.222222,346.818182,34.545455,9,11,11
2014-10-09,Dongsi,0,291.333333,328.666667,110.166667,12,12,12
2014-10-09,Dongsi,1,343.000000,393.909091,143.545455,11,11,11
2014-10-10,Aotizhongxin,0,139.000000,323.000000,133.500000,1,2,2
2014-10-10,Aotizhongxin,1,314.750000,314.750000,97.000000,12,12,6
2014-10-10,Changping,0,364.750000,364.750000,59.250000,12,12,12
2014-10-10,Changping,1,323.333333,323.333333,66.333333,12,12,12
2014-10-10,Dingling,0,358.333333,358.333333,24.000000,12,12,12
2014-10-10,Dingling,1,312.916667,312.916667,38.333333,12,12,12
2014-10-10,Dongsi,0,287.250000,302.833333,101.916667,12,12,12
2014-10-10,Dongsi,1,237.916667,247.583333,86.666667,12,12,12
2014-10-11,Aotizhongxin,0,302.416667,302.416667,,12,12,0
2014-10-11,Aotizhongxin,1,148.333333,148.333333,,12,12,0
2014-10-11,Changping,0,299.000000,299.000000,53.916667,12,12,12
2014-10-11,Changping,1,139.250000,139.250000,36.916667,12,12,12
2014-10-11,Dingling,0,264.666667,264.666667,30.500000,12,12,12
2014-10-11,Dingling,1,119.833333,119.833333,20.500000,12,12,12
2014-10-11,Dongsi,0,208.416667,210.416667,80.416667,12,12,12
2014-10-11,Dongsi,1,106.083333,106.083333,48.666667,12,12,12
2014-10-12,Aotizhongxin,0,6.250000,6.250000,,12,12,0
2014-10-12,Aotizhongxin,1,9.250000,9.250000,,12,12,0
2014-10-12,Changping,0,5.250000,5.250000,21.000000,12,12,12
2014-10-12,Changping,1,6.000000,6.000000,14.416667,12,12,12
2014-10-12,Dingling,0,4.333333,4.333333,7.833333,12,12,12
2014-10-12,Dingling,1,5.666667,5.666667,7.250000,12,12,12
2014-10-12,Dongsi,0,3.000000,3.000000,23.833333,12,12,12
2014-10-12,Dongsi,1,3.000000,6.666667,26.000000,12,12,12
2014-10-13,Aotizhongxin,0,8.333333,8.333333,22.333333,12,12,3
2014-10-13,Aotizhongxin,1,21.583333,21.583333,56.000000,12,12,12
2014-10-13,Changping,0,8.000000,8.000000,15.833333,12,12,12
2014-10-13,Changping,1,16.833333,16.833333,34.500000,12,12,12
2014-10-13,Dingling,0,5.750000,5.750000,7.416667,12,12,12
2014-10-13,Dingling,1,12.666667,12.666667,12.166667,12,12,12
2014-10-13,Dongsi,0,3.000000,8.416667,21.333333,12,12,12
2014-10-13,Dongsi,1,20.363636,69.750000,42.333333,11,12,12
2014-10-14,Aotizhongxin,0,35.500000,55.000000,63.916667,12,12,12
2014-10-14,Aotizhongxin,1,66.250000,130.666667,75.333333,12,12,12
2014-10-14,Changping,0,28.666667,37.333333,44.000000,12,12,12
2014-10-14,Changping,1,43.083333,84.583333,53.500000,12,12,12
2014-10-14,Dingling,0,21.833333,40.583333,22.416667,12,12,12
2014-10-14,Dingling,1,38.583333,78.250000,33.583333,12,12,12
2014-10-14,Dongsi,0,26.250000,65.166667,59.250000,12,12,12
2014-10-14,Dongsi,1,55.666667,116.750000,64.583333,12,12,12
2014-10-15,Aotizhongxin,0,83.666667,145.083333,79.500000,12,12,12
2014-10-15,Aotizhongxin,1,11.750000,69.750000,28.083333,12,12,12
2014-10-15,Changping,0,41.750000,101.833333,37.750000,12,12,12
2014-10-15,Changping,1,9.000000,60.500000,19.333333,12,12,12
2014-10-15,Dingling,0,36.818182,63.363636,12.750000,11,11,12
2014-10-15,Dingling,1,4.900000,4.900000,3.583333,10,10,12
2014-10-15,Dongsi,0,87.833333,174.750000,67.750000,12,12,12
2014-10-15,Dongsi,1,8.250000,66.333333,28.250000,12,12,12
2014-10-16,Aotizhongxin,0,27.300000,89.727273,65.583333,10,11,12
2014-10-16,Aotizhongxin,1,47.181818,150.333333,56.416667,11,12,12
2014-10-16,Changping,0,19.166667,53.250000,39.166667,12,12,12
2014-10-16,Changping,1,34.600000,94.666667,45.666667,10,12,12
2014-10-16,Dingling,0,8.400000,10.727273,8.818182,10,11,11
2014-10-16,Dingling,1,35.100000,86.200000,18.600000,10,10,10
2014-10-16,Dongsi,0,17.083333,63.166667,61.166667,12,12,12
2014-10-16,Dongsi,1,40.333333,121.166667,46.666667,12,12,12
2014-10-17,Aotizhongxin,0,84.333333,179.166667,96.000000,12,12,12
2014-10-17,Aotizhongxin,1,130.583333,237.583333,166.000000,12,12,12
2014-10-17,Changping,0,56.833333,126.166667,46.666667,12,12,12
2014-10-17,Changping,1,102.333333,175.666667,126.666667,12,12,12
2014-10-17,Dingling,0,50.916667,85.166667,20.083333,12,12,12
2014-10-17,Dingling,1,97.166667,161.666667,90.666667,12,12,12
2014-10-17,Dongsi,0,78.750000,181.500000,88.416667,12,12,12
2014-10-17,Dongsi,1,121.416667,215.500000,138.000000,12,12,12
2014-10-18,Aotizhongxin,0,133.583333,200.166667,130.500000,12,12,12
2014-10-18,Aotizhongxin,1,234.500000,368.416667,199.750000,12,12,12
2014-10-18,Changping,0,91.833333,150.916667,79.250000,12,12,12
2014-10-18,Changping,1,126.083333,184.750000,84.166667,12,12,12
2014-10-18,Dingling,0,74.833333,104.166667,46.833333,12,12,12
2014-10-18,Dingling,1,112.416667,149.333333,40.583333,12,12,12
2014-10-18,Dongsi,0,120.000000,206.583333,120.250000,12,12,12
2014-10-18,Dongsi,1,223.416667,338.416667,156.916667,12,12,12
2014-10-19,Aotizhongxin,0,319.500000,422.500000,193.916667,12,12,12
2014-10-19,Aotizhongxin,1,240.916667,288.416667,122.583333,12,12,12
2014-10-19,Changping,0,229.250000,296.250000,109.166667,12,12,12
2014-10-19,Changping,1,318.200000,380.600000,148.400000,5,5,5
2014-10-19,Dingling,0,252.833333,259.000000,44.500000,12,12,12
2014-10-19,Dingling,1,347.750000,347.750000,117.250000,12,12,12
2014-10-19,Dongsi,0,311.333333,450.500000,172.833333,12,12,12
2014-10-19,Dongsi,1,167.083333,206.333333,76.000000,12,12,12
2014-10-20,Aotizhongxin,0,200.083333,200.083333,85.166667,12,12,12
2014-10-20,Aotizhongxin,1,225.750000,225.750000,96.000000,12,12,12
2014-10-20,Changping,0,270.833333,297.333333,91.916667,12,12,12
2014-10-20,Changping,1,234.083333,257.666667,116.000000,12,12,3
2014-10-20,Dingling,0,281.500000,281.500000,58.583333,12,12,12
2014-10-20,Dingling,1,244.416667,244.416667,52.166667,12,12,12
2014-10-20,Dongsi,0,173.750000,205.416667,75.416667,12,12,12
2014-10-20,Dongsi,1,195.750000,205.166667,87.333333,12,12,12
2014-10-21,Aotizhongxin,0,36.750000,36.750000,60.666667,12,12,12
2014-10-21,Aotizhongxin,1,47.750000,64.500000,82.916667,12,12,12
2014-10-21,Changping,0,49.416667,49.416667,,12,12,0
2014-10-21,Changping,1,37.833333,42.333333,64.125000,12,12,8
2014-10-21,Dingling,0,59.500000,59.500000,41.500000,12,12,12
2014-10-21,Dingling,1,43.083333,49.583333,49.500000,12,12,12
2014-10-21,Dongsi,0,13.666667,13.666667,48.833333,12,12,12
2014-10-21,Dongsi,1,28.250000,85.166667,63.416667,12,12,12
2014-10-22,Aotizhongxin,0,78.500000,179.250000,91.583333,12,12,12
2014-10-22,Aotizhongxin,1,96.100000,179.166667,103.083333,10,12,12
2014-10-22,Changping,0,47.916667,82.333333,55.000000,12,12,12
2014-10-22,Changping,1,101.000000,168.916667,90.916667,12,12,12
2014-10-22,Dingling,0,53.083333,75.833333,41.333333,12,12,12
2014-10-22,Dingling,1,104.916667,153.666667,84.250000,12,12,12
2014-10-22,Dongsi,0,46.833333,137.083333,63.916667,12,12,12
2014-10-22,Dongsi,1,73.500000,146.583333,78.250000,12,12,12
2014-10-23,Aotizhongxin,0,109.000000,185.833333,94.833333,12,12,12
2014-10-23,Aotizhongxin,1,156.750000,224.250000,129.250000,12,12,12
2014-10-23,Changping,0,115.166667,164.750000,71.833333,12,12,12
2014-10-23,Changping,1,153.916667,174.500000,56.250000,12,12,12
2014-10-23,Dingling,0,115.666667,137.750000,58.916667,12,12,12
2014-10-23,Dingling,1,176.416667,180.250000,39.333333,12,12,12
2014-10-23,Dongsi,0,87.833333,163.750000,77.500000,12,12,12
2014-10-23,Dongsi,1,141.333333,209.916667,108.750000,12,12,12
2014-10-24,Aotizhongxin,0,183.583333,231.916667,111.583333,12,12,12
2014-10-24,Aotizhongxin,1,302.416667,346.666667,141.416667,12,12,12
2014-10-24,Changping,0,166.000000,166.000000,59.166667,12,12,12
2014-10-24,Changping,1,264.000000,264.000000,69.727273,11,11,11
2014-10-24,Dingling,0,174.083333,174.083333,41.333333,12,12,12
2014-10-24,Dingling,1,272.750000,272.750000,51.166667,12,12,12
2014-10-24,Dongsi,0,156.166667,233.916667,97.250000,12,12,12
2014-10-24,Dongsi,1,275.000000,350.416667,116.416667,12,12,12
2014-10-25,Aotizhongxin,0,284.333333,291.833333,103.833333,12,12,12
2014-10-25,Aotizhongxin,1,382.583333,382.583333,133.833333,12,12,12
2014-10-25,Changping,0,241.750000,241.750000,55.916667,12,12,12
2014-10-25,Changping,1,317.916667,317.916667,76.166667,12,12,12
2014-10-25,Dingling,0,261.250000,261.250000,29.416667,12,12,12
2014-10-25,Dingling,1,346.583333,346.583333,53.583333,12,12,12
2014-10-25,Dongsi,0,264.833333,313.583333,98.250000,12,12,12
2014-10-25,Dongsi,1,379.833333,400.916667,119.833333,12,12,12
2014-10-26,Aotizhongxin,0,153.916667,153.916667,60.750000,12,12,12
2014-10-26,Aotizhongxin,1,12.500000,12.500000,41.500000,12,12,12
2014-10-26,Changping,0,79.416667,79.416667,33.166667,12,12,12
2014-10-26,Changping,1,18.166667,18.166667,35.083333,12,12,12
2014-10-26,Dingling,0,49.916667,49.916667,10.750000,12,12,12
2014-10-26,Dingling,1,14.166667,14.166667,18.166667,12,12,12
2014-10-26,Dongsi,0,186.083333,186.083333,56.666667,12,12,12
2014-10-26,Dongsi,1,3.416667,3.416667,40.750000,12,12,12
2014-10-27,Aotizhongxin,0,16.416667,16.416667,52.600000,12,12,10
2014-10-27,Aotizhongxin,1,39.166667,84.000000,65.916667,12,12,12
2014-10-27,Changping,0,20.666667,33.500000,51.000000,12,12,12
2014-10-27,Changping,1,41.250000,93.916667,61.500000,12,12,12
2014-10-27,Dingling,0,10.833333,16.916667,15.166667,12,12,12
2014-10-27,Dingling,1,37.833333,74.750000,41.333333,12,12,12
2014-10-27,Dongsi,0,9.166667,31.166667,53.666667,12,12,12
2014-10-27,Dongsi,1,33.500000,76.833333,52.583333,12,12,12
2014-10-28,Aotizhongxin,0,57.500000,109.500000,72.416667,12,12,12
2014-10-28,Aotizhongxin,1,62.800000,146.333333,81.166667,10,12,12
2014-10-28,Changping,0,54.250000,105.083333,62.666667,12,12,12
2014-10-28,Changping,1,82.416667,128.416667,89.666667,12,12,12
2014-10-28,Dingling,0,53.500000,77.416667,43.166667,12,12,12
2014-10-28,Dingling,1,86.083333,115.583333,70.250000,12,12,12
2014-10-28,Dongsi,0,59.500000,89.666667,61.000000,12,12,12
2014-10-28,Dongsi,1,52.400000,91.416667,60.750000,10,12,12
2014-10-29,Aotizhongxin,0,102.750000,165.500000,95.416667,12,12,12
2014-10-29,Aotizhongxin,1,132.583333,196.166667,130.750000,12,12,12
2014-10-29,Changping,0,78.800000,100.500000,61.700000,10,10,10
2014-10-29,Changping,1,107.545455,159.636364,84.090909,11,11,11
2014-10-29,Dingling,0,92.000000,93.583333,39.833333,12,12,12
2014-10-29,Dingling,1,112.000000,112.000000,60.333333,12,12,12
2014-10-29,Dongsi,0,81.333333,163.750000,84.750000,12,12,12
2014-10-29,Dongsi,1,116.000000,176.916667,104.583333,12,12,12
2014-10-30,Aotizhongxin,0,152.000000,202.583333,116.181818,12,12,11
2014-10-30,Aotizhongxin,1,176.833333,191.166667,122.727273,12,12,11
2014-10-30,Changping,0,127.083333,157.583333,70.083333,12,12,12
2014-10-30,Changping,1,181.666667,181.666667,93.666667,12,12,12
2014-10-30,Dingling,0,135.500000,136.750000,50.500000,12,12,12
2014-10-30,Dingling,1,192.666667,192.666667,63.333333,12,12,12
2014-10-30,Dongsi,0,129.416667,202.833333,105.333333,12,12,12
2014-10-30,Dongsi,1,155.166667,205.666667,118.083333,12,12,12
2014-10-31,Aotizhongxin,0,175.333333,175.333333,114.750000,12,12,12
2014-10-31,Aotizhongxin,1,146.333333,151.750000,107.833333,12,12,12
2014-10-31,Changping,0,126.083333,126.083333,55.583333,12,12,12
2014-10-31,Changping,1,162.083333,178.250000,100.250000,12,12,12
2014-10-31,Dingling,0,121.333333,121.333333,30.000000,12,12,12
2014-10-31,Dingling,1,145.777778,151.777778,86.454545,9,9,11
2014-10-31,Dongsi,0,160.833333,189.833333,102.750000,12,12,12
2014-10-31,Dongsi,1,142.583333,151.250000,81.833333,12,12,12
2014-11-01,Aotizhongxin,0,82.916667,96.833333,79.750000,12,12,12
2014-11-01,Aotizhongxin,1,12.500000,33.583333,38.500000,12,12,12
2014-11-01,Changping,0,37.916667,43.500000,40.500000,12,12,12
2014-11-01,Changping,1,14.833333,48.583333,40.750000,12,12,12
2014-11-01,Dingling,0,26.833333,27.166667,24.000000,12,12,12
2014-11-01,Dingling,1,7.916667,22.916667,12.416667,12,12,12
2014-11-01,Dongsi,0,113.666667,128.666667,69.583333,12,12,12
2014-11-01,Dongsi,1,5.500000,29.916667,26.666667,12,12,12
2014-11-02,Aotizhongxin,0,5.250000,11.083333,21.083333,12,12,12
2014-11-02,Aotizhongxin,1,7.050000,24.566667,32.816667,12,12,12
2014-11-02,Changping,0,7.833333,28.083333,22.750000,12,12,12
2014-11-02,Changping,1,11.741667,48.416667,29.266667,12,12,12
2014-11-02,Dingling,0,4.750000,8.833333,2.833333,12,12,12
2014-11-02,Dingling,1,5.858333,13.491667,3.083333,12,12,12
2014-11-02,Dongsi,0,3.000000,22.083333,15.500000,12,12,12
2014-11-02,Dongsi,1,4.116667,22.683333,23.633333,12,12,12
2014-11-03,Aotizhongxin,0,18.833333,44.083333,67.000000,12,12,12
2014-11-03,Aotizhongxin,1,26.100000,47.900000,50.600000,10,10,10
2014-11-03,Changping,0,14.166667,42.250000,29.000000,12,12,12
2014-11-03,Changping,1,21.363636,48.090909,29.272727,11,11,11
2014-11-03,Dingling,0,12.208333,27.000000,10.916667,12,12,12
2014-11-03,Dingling,1,18.000000,35.833333,10.500000,12,12,12
2014-11-03,Dongsi,0,22.975000,64.083333,57.500000,12,12,12
2014-11-03,Dongsi,1,19.900000,53.500000,36.000000,10,10,10
2014-11-04,Aotizhongxin,0,62.750000,94.500000,66.583333,12,12,12
2014-11-04,Aotizhongxin,1,167.166667,216.000000,117.166667,12,12,12
2014-11-04,Changping,0,34.428571,70.285714,32.714286,7,7,7
2014-11-04,Changping,1,125.250000,162.000000,73.583333,12,12,12
2014-11-04,Dingling,0,23.583333,43.166667,13.083333,12,12,12
2014-11-04,Dingling,1,124.416667,144.166667,56.416667,12,12,12
2014-11-04,Dongsi,0,59.416667,117.666667,59.666667,12,12,12
2014-11-04,Dongsi,1,142.083333,214.500000,103.750000,12,12,12
2014-11-05,Aotizhongxin,0,122.916667,132.833333,83.333333,12,12,12
2014-11-05,Aotizhongxin,1,7.500000,21.333333,20.583333,12,12,12
2014-11-05,Changping,0,94.833333,111.750000,51.666667,12,12,12
2014-11-05,Changping,1,8.083333,44.916667,11.416667,12,12,12
2014-11-05,Dingling,0,83.833333,90.833333,32.416667,12,12,12
2014-11-05,Dingling,1,5.666667,25.916667,4.666667,12,12,12
2014-11-05,Dongsi,0,115.333333,148.916667,80.416667,12,12,12
2014-11-05,Dongsi,1,3.916667,28.750000,18.916667,12,12,12
2014-11-06,Aotizhongxin,0,5.750000,12.000000,13.833333,12,12,12
2014-11-06,Aotizhongxin,1,13.333333,29.416667,37.416667,12,12,12
2014-11-06,Changping,0,5.833333,11.250000,6.000000,12,12,12
2014-11-06,Changping,1,12.083333,21.250000,12.500000,12,12,12
2014-11-06,Dingling,0,3.333333,8.083333,2.583333,12,12,12
2014-11-06,Dingling,1,7.833333,14.583333,3.666667,12,12,12
2014-11-06,Dongsi,0,3.000000,12.333333,14.666667,12,12,12
2014-11-06,Dongsi,1,12.166667,38.416667,33.416667,12,12,12
2014-11-07,Aotizhongxin,0,49.250000,74.916667,63.666667,12,12,12
2014-11-07,Aotizhongxin,1,42.545455,59.818182,55.181818,11,11,11
2014-11-07,Changping,0,26.583333,47.666667,30.333333,12,12,12
2014-11-07,Changping,1,52.333333,84.666667,56.583333,12,12,12
2014-11-07,Dingling,0,29.750000,45.333333,15.250000,12,12,12
2014-11-07,Dingling,1,52.750000,74.250000,46.666667,12,12,12
2014-11-07,Dongsi,0,39.833333,83.166667,50.000000,12,12,12
2014-11-07,Dongsi,1,29.833333,58.583333,31.500000,12,12,12
2014-11-08,Aotizhongxin,0,71.916667,82.416667,66.750000,12,12,12
2014-11-08,Aotizhongxin,1,74.250000,83.500000,75.166667,12,12,12
2014-11-08,Changping,0,66.250000,94.250000,47.333333,12,12,12
2014-11-08,Changping,1,73.666667,86.500000,43.250000,12,12,12
2014-11-08,Dingling,0,65.250000,73.083333,37.250000,12,12,12
2014-11-08,Dingling,1,78.333333,82.166667,34.416667,12,12,12
2014-11-08,Dongsi,0,52.250000,80.500000,52.666667,12,12,12
2014-11-08,Dongsi,1,67.909091,98.636364,55.818182,11,11,11
2014-11-09,Aotizhongxin,0,64.916667,65.833333,64.083333,12,12,12
2014-11-09,Aotizhongxin,1,52.750000,66.250000,77.750000,12,12,12
2014-11-09,Changping,0,70.333333,89.500000,50.416667,12,12,12
2014-11-09,Changping,1,61.333333,76.166667,49.250000,12,12,12
2014-11-09,Dingling,0,24.833333,26.750000,13.916667,12,12,12
2014-11-09,Dingling,1,44.500000,57.416667,31.333333,12,12,12
2014-11-09,Dongsi,0,51.000000,60.416667,54.250000,12,12,12
2014-11-09,Dongsi,1,45.500000,79.166667,53.000000,12,12,12
2014-11-10,Aotizhongxin,0,62.666667,65.333333,72.750000,12,12,12
2014-11-10,Aotizhongxin,1,82.833333,96.833333,99.750000,12,12,12
2014-11-10,Changping,0,72.666667,93.750000,52.250000,12,12,12
2014-11-10,Changping,1,75.666667,97.333333,62.500000,12,12,12
2014-11-10,Dingling,0,37.416667,44.000000,18.083333,12,12,12
2014-11-10,Dingling,1,66.583333,79.250000,38.750000,12,12,12
2014-11-10,Dongsi,0,48.583333,67.416667,63.666667,12,12,12
2014-11-10,Dongsi,1,76.416667,111.500000,77.750000,12,12,12
2014-11-11,Aotizhongxin,0,69.416667,92.000000,51.916667,12,12,12
2014-11-11,Aotizhongxin,1,10.666667,49.666667,19.000000,12,12,12
2014-11-11,Changping,0,39.416667,81.250000,29.000000,12,12,12
2014-11-11,Changping,1,15.083333,81.416667,11.333333,12,12,12
2014-11-11,Dingling,0,31.416667,58.833333,12.416667,12,12,12
2014-11-11,Dingling,1,6.916667,37.416667,2.250000,12,12,12
2014-11-11,Dongsi,0,55.500000,91.166667,49.916667,12,12,12
2014-11-11,Dongsi,1,6.583333,62.750000,17.166667,12,12,12
2014-11-12,Aotizhongxin,0,4.833333,34.916667,7.833333,12,12,12
2014-11-12,Aotizhongxin,1,6.166667,39.416667,14.083333,12,12,12
2014-11-12,Changping,0,5.833333,35.416667,4.333333,12,12,12
2014-11-12,Changping,1,9.166667,46.250000,9.333333,12,12,12
2014-11-12,Dingling,0,4.666667,28.833333,2.000000,12,12,12
2014-11-12,Dingling,1,6.750000,30.833333,2.000000,12,12,12
2014-11-12,Dongsi,0,3.000000,45.500000,5.916667,12,12,12
2014-11-12,Dongsi,1,4.636364,66.181818,12.083333,11,11,12
2014-11-13,Aotizhongxin,0,15.583333,31.583333,51.083333,12,12,12
2014-11-13,Aotizhongxin,1,26.000000,53.666667,62.000000,12,12,12
2014-11-13,Changping,0,14.083333,29.416667,28.000000,12,12,12
2014-11-13,Changping,1,23.416667,49.250000,39.000000,12,12,12
2014-11-13,Dingling,0,9.166667,16.000000,5.583333,12,12,12
2014-11-13,Dingling,1,13.500000,25.166667,11.166667,12,12,12
2014-11-13,Dongsi,0,14.833333,40.333333,41.083333,12,12,12
2014-11-13,Dongsi,1,24.666667,58.333333,47.333333,12,12,12
2014-11-14,Aotizhongxin,0,36.250000,59.583333,71.000000,12,12,12
2014-11-14,Aotizhongxin,1,34.500000,69.583333,64.083333,12,12,12
2014-11-14,Changping,0,21.666667,40.750000,42.833333,12,12,12
2014-11-14,Changping,1,32.500000,61.250000,46.500000,12,12,12
2014-11-14,Dingling,0,11.416667,22.416667,12.250000,12,12,12
2014-11-14,Dingling,1,32.250000,47.916667,33.083333,12,12,12
2014-11-14,Dongsi,0,25.750000,58.000000,61.666667,12,12,12
2014-11-14,Dongsi,1,30.750000,63.000000,54.416667,12,12,12
2014-11-15,Aotizhongxin,0,80.750000,117.416667,80.083333,12,12,12
2014-11-15,Aotizhongxin,1,170.416667,235.000000,150.666667,12,12,12
2014-11-15,Changping,0,66.083333,114.916667,62.833333,12,12,12
2014-11-15,Changping,1,121.333333,163.750000,95.166667,12,12,12
2014-11-15,Dingling,0,41.833333,57.833333,33.500000,12,12,12
2014-11-15,Dingling,1,119.500000,140.250000,85.000000,12,12,12
2014-11-15,Dongsi,0,73.916667,141.166667,74.916667,12,12,12
2014-11-15,Dongsi,1,148.166667,245.916667,124.583333,12,12,12
2014-11-16,Aotizhongxin,0,137.833333,178.166667,120.083333,12,12,12
2014-11-16,Aotizhongxin,1,11.916667,24.750000,27.833333,12,12,12
2014-11-16,Changping,0,77.666667,98.666667,65.750000,12,12,12
2014-11-16,Changping,1,16.333333,34.666667,26.250000,12,12,12
2014-11-16,Dingling,0,69.166667,69.833333,47.416667,12,12,12
2014-11-16,Dingling,1,11.666667,16.000000,6.000000,12,12,12
2014-11-16,Dongsi,0,152.666667,221.583333,87.083333,12,12,12
2014-11-16,Dongsi,1,7.750000,17.750000,23.166667,12,12,12
2014-11-17,Aotizhongxin,0,12.166667,18.750000,36.833333,12,12,12
2014-11-17,Aotizhongxin,1,27.666667,50.000000,60.583333,12,12,12
2014-11-17,Changping,0,14.250000,23.916667,29.083333,12,12,12
2014-11-17,Changping,1,30.333333,53.333333,41.583333,12,12,12
2014-11-17,Dingling,0,11.500000,17.250000,17.666667,12,12,12
2014-11-17,Dingling,1,21.750000,30.666667,14.166667,12,12,12
2014-11-17,Dongsi,0,8.500000,18.166667,38.166667,12,12,12
2014-11-17,Dongsi,1,26.416667,58.500000,53.083333,12,12,12
2014-11-18,Aotizhongxin,0,45.166667,62.666667,77.416667,12,12,12
2014-11-18,Aotizhongxin,1,88.454545,141.363636,102.363636,11,11,11
2014-11-18,Changping,0,74.833333,130.583333,60.666667,12,12,12
2014-11-18,Changping,1,96.666667,161.500000,100.416667,12,12,12
2014-11-18,Dingling,0,37.500000,49.833333,28.583333,12,12,12
2014-11-18,Dingling,1,92.916667,119.583333,85.000000,12,12,12
2014-11-18,Dongsi,0,39.000000,73.916667,68.250000,12,12,12
2014-11-18,Dongsi,1,78.333333,138.000000,87.000000,12,12,12
2014-11-19,Aotizhongxin,0,188.750000,250.166667,143.636364,12,12,11
2014-11-19,Aotizhongxin,1,329.916667,386.166667,178.833333,12,12,12
2014-11-19,Changping,0,113.333333,163.083333,88.250000,12,12,12
2014-11-19,Changping,1,258.250000,321.750000,123.000000,12,12,12
2014-11-19,Dingling,0,109.500000,123.083333,87.833333,12,12,12
2014-11-19,Dingling,1,269.750000,288.000000,116.666667,12,12,12
2014-11-19,Dongsi,0,187.166667,308.333333,115.666667,12,12,12
2014-11-19,Dongsi,1,274.416667,379.000000,137.916667,12,12,12
2014-11-20,Aotizhongxin,0,304.166667,329.750000,155.333333,12,12,12
2014-11-20,Aotizhongxin,1,324.400000,465.250000,172.090909,10,12,11
2014-11-20,Changping,0,257.272727,274.545455,93.454545,11,11,11
2014-11-20,Changping,1,286.636364,389.500000,143.166667,11,12,12
2014-11-20,Dingling,0,273.083333,273.083333,85.250000,12,12,12
2014-11-20,Dingling,1,321.750000,331.583333,130.833333,12,12,12
2014-11-20,Dongsi,0,253.916667,344.416667,128.916667,12,12,12
2014-11-20,Dongsi,1,287.666667,403.583333,148.666667,12,12,12
2014-11-21,Aotizhongxin,0,337.250000,409.166667,152.833333,12,12,12
2014-11-21,Aotizhongxin,1,50.833333,74.500000,86.750000,12,12,12
2014-11-21,Changping,0,207.166667,270.833333,108.166667,12,12,12
2014-11-21,Changping,1,59.250000,94.416667,65.083333,12,12,12
2014-11-21,Dingling,0,121.583333,141.333333,72.333333,12,12,12
2014-11-21,Dingling,1,49.583333,57.000000,26.416667,12,12,12
2014-11-21,Dongsi,0,328.727273,418.916667,139.916667,11,12,12
2014-11-21,Dongsi,1,45.000000,65.500000,77.416667,12,12,12
2014-11-22,Aotizhongxin,0,17.083333,30.666667,49.416667,12,12,12
2014-11-22,Aotizhongxin,1,54.416667,98.583333,85.000000,12,12,12
2014-11-22,Changping,0,18.250000,33.916667,38.000000,12,12,12
2014-11-22,Changping,1,47.166667,102.583333,68.500000,12,12,12
2014-11-22,Dingling,0,12.750000,17.333333,10.333333,12,12,12
2014-11-22,Dingling,1,36.750000,51.250000,42.583333,12,12,12
2014-11-22,Dongsi,0,4.727273,12.454545,38.454545,11,11,11
2014-11-22,Dongsi,1,39.583333,80.250000,63.083333,12,12,12
2014-11-23,Aotizhongxin,0,103.666667,162.083333,91.500000,12,12,12
2014-11-23,Aotizhongxin,1,137.916667,199.500000,124.666667,12,12,12
2014-11-23,Changping,0,102.000000,154.000000,77.916667,12,12,12
2014-11-23,Changping,1,143.416667,205.500000,102.333333,12,12,12
2014-11-23,Dingling,0,98.166667,110.916667,61.416667,12,12,12
2014-11-23,Dingling,1,151.333333,180.666667,91.166667,12,12,12
2014-11-23,Dongsi,0,74.416667,117.000000,70.083333,12,12,12
2014-11-23,Dongsi,1,121.416667,179.166667,97.083333,12,12,12
2014-11-24,Aotizhongxin,0,120.250000,143.416667,90.750000,12,12,12
2014-11-24,Aotizhongxin,1,42.166667,77.833333,81.272727,12,12,11
2014-11-24,Changping,0,44.833333,59.583333,44.666667,12,12,12
2014-11-24,Changping,1,51.333333,96.166667,69.750000,12,12,12
2014-11-24,Dingling,0,17.583333,18.500000,12.916667,12,12,12
2014-11-24,Dingling,1,37.083333,52.583333,40.500000,12,12,12
2014-11-24,Dongsi,0,85.250000,118.166667,78.166667,12,12,12
2014-11-24,Dongsi,1,29.416667,61.416667,62.166667,12,12,12
2014-11-25,Aotizhongxin,0,105.000000,157.083333,90.000000,12,12,12
2014-11-25,Aotizhongxin,1,200.583333,241.000000,120.750000,12,12,12
2014-11-25,Changping,0,81.083333,119.166667,72.666667,12,12,12
2014-11-25,Changping,1,154.583333,197.916667,106.583333,12,12,12
2014-11-25,Dingling,0,80.416667,97.083333,64.833333,12,12,12
2014-11-25,Dingling,1,153.250000,165.500000,94.333333,12,12,12
2014-11-25,Dongsi,0,80.333333,136.500000,73.916667,12,12,12
2014-11-25,Dongsi,1,188.000000,248.916667,100.583333,12,12,12
2014-11-26,Aotizhongxin,0,208.416667,258.750000,124.750000,12,12,12
2014-11-26,Aotizhongxin,1,296.833333,364.250000,166.500000,12,12,12
2014-11-26,Changping,0,210.000000,254.166667,104.083333,12,12,12
2014-11-26,Changping,1,252.666667,298.416667,126.250000,12,12,12
2014-11-26,Dingling,0,209.833333,221.583333,93.916667,12,12,12
2014-11-26,Dingling,1,264.250000,270.916667,111.333333,12,12,12
2014-11-26,Dongsi,0,193.583333,270.166667,98.750000,12,12,12
2014-11-26,Dongsi,1,252.250000,351.666667,131.583333,12,12,12
2014-11-27,Aotizhongxin,0,146.166667,176.166667,75.833333,12,12,12
2014-11-27,Aotizhongxin,1,21.416667,48.250000,55.666667,12,12,12
2014-11-27,Changping,0,86.333333,108.083333,43.166667,12,12,12
2014-11-27,Changping,1,41.583333,83.750000,55.583333,12,12,12
2014-11-27,Dingling,0,59.916667,69.583333,20.416667,12,12,12
2014-11-27,Dingling,1,37.900000,67.600000,21.666667,10,10,12
2014-11-27,Dongsi,0,109.000000,156.250000,66.750000,12,12,12
2014-11-27,Dongsi,1,7.166667,39.083333,45.500000,12,12,12
2014-11-28,Aotizhongxin,0,62.416667,121.166667,86.750000,12,12,12
2014-11-28,Aotizhongxin,1,109.833333,188.000000,90.666667,12,12,12
2014-11-28,Changping,0,65.166667,124.333333,63.583333,12,12,12
2014-11-28,Changping,1,87.083333,166.500000,79.916667,12,12,12
2014-11-28,Dingling,0,59.833333,107.416667,42.666667,12,12,12
2014-11-28,Dingling,1,98.750000,157.000000,67.083333,12,12,12
2014-11-28,Dongsi,0,39.916667,102.666667,61.750000,12,12,12
2014-11-28,Dongsi,1,95.250000,182.833333,67.583333,12,12,12
2014-11-29,Aotizhongxin,0,213.583333,281.000000,103.166667,12,12,12
2014-11-29,Aotizhongxin,1,275.666667,384.583333,117.083333,12,12,12
2014-11-29,Changping,0,119.333333,183.916667,77.250000,12,12,12
2014-11-29,Changping,1,229.416667,311.916667,102.916667,12,12,12
2014-11-29,Dingling,0,137.500000,163.083333,69.833333,12,12,12
2014-11-29,Dingling,1,273.000000,296.500000,98.000000,12,12,12
2014-11-29,Dongsi,0,206.083333,301.583333,80.333333,12,12,12
2014-11-29,Dongsi,1,259.000000,391.166667,97.333333,12,12,12
2014-11-30,Aotizhongxin,0,159.666667,178.166667,80.500000,12,12,12
2014-11-30,Aotizhongxin,1,23.083333,299.166667,12.500000,12,12,12
2014-11-30,Changping,0,129.250000,156.333333,59.916667,12,12,12
2014-11-30,Changping,1,29.250000,397.416667,12.166667,12,12,12
2014-11-30,Dingling,0,137.333333,144.500000,41.250000,12,12,12
2014-11-30,Dingling,1,24.454545,281.090909,2.083333,11,11,12
2014-11-30,Dongsi,0,131.833333,159.083333,65.333333,12,12,12
2014-11-30,Dongsi,1,9.750000,309.083333,11.916667,12,12,12
2014-12-01,Aotizhongxin,0,15.833333,141.666667,10.583333,12,12,12
2014-12-01,Aotizhongxin,1,10.750000,13.166667,23.416667,12,12,12
2014-12-01,Changping,0,16.666667,131.416667,15.333333,12,12,12
2014-12-01,Changping,1,10.833333,20.500000,25.083333,12,12,12
2014-12-01,Dingling,0,15.666667,122.083333,2.333333,12,12,12
2014-12-01,Dingling,1,5.250000,10.250000,2.000000,12,12,12
2014-12-01,Dongsi,0,6.666667,140.166667,12.833333,12,12,12
2014-12-01,Dongsi,1,5.000000,14.545455,21.833333,11,11,12
2014-12-02,Aotizhongxin,0,11.750000,15.916667,41.666667,12,12,12
2014-12-02,Aotizhongxin,1,64.000000,90.333333,69.916667,12,12,12
2014-12-02,Changping,0,19.083333,29.333333,31.833333,12,12,12
2014-12-02,Changping,1,47.666667,71.416667,48.833333,12,12,12
2014-12-02,Dingling,0,18.750000,22.083333,8.333333,12,12,12
2014-12-02,Dingling,1,39.000000,50.666667,15.500000,12,12,12
2014-12-02,Dongsi,0,8.000000,25.333333,36.500000,12,12,12
2014-12-02,Dongsi,1,61.916667,102.250000,52.333333,12,12,12
2014-12-03,Aotizhongxin,0,36.500000,55.750000,44.166667,12,12,12
2014-12-03,Aotizhongxin,1,7.333333,71.250000,12.666667,12,12,12
2014-12-03,Changping,0,16.583333,32.583333,25.083333,12,12,12
2014-12-03,Changping,1,10.500000,60.333333,20.416667,12,12,12
2014-12-03,Dingling,0,7.916667,18.583333,2.000000,12,12,12
2014-12-03,Dingling,1,6.666667,37.916667,2.000000,12,12,12
2014-12-03,Dongsi,0,26.750000,59.833333,39.750000,12,12,12
2014-12-03,Dongsi,1,5.750000,76.666667,10.500000,12,12,12
2014-12-04,Aotizhongxin,0,6.833333,22.250000,14.416667,12,12,12
2014-12-04,Aotizhongxin,1,8.000000,34.000000,21.166667,12,12,12
2014-12-04,Changping,0,10.166667,36.166667,18.500000,12,12,12
2014-12-04,Changping,1,11.583333,34.083333,21.916667,12,12,12
2014-12-04,Dingling,0,6.416667,22.000000,2.000000,12,12,12
2014-12-04,Dingling,1,5.250000,22.166667,2.000000,12,12,12
2014-12-04,Dongsi,0,4.000000,33.000000,11.833333,12,12,12
2014-12-04,Dongsi,1,5.916667,42.666667,20.666667,12,12,12
2014-12-05,Aotizhongxin,0,9.500000,16.750000,33.166667,12,12,12
2014-12-05,Aotizhongxin,1,56.000000,85.800000,63.400000,10,10,10
2014-12-05,Changping,0,7.750000,13.416667,17.583333,12,12,12
2014-12-05,Changping,1,31.000000,70.400000,48.000000,10,10,10
2014-12-05,Dingling,0,7.083333,13.333333,2.000000,12,12,12
2014-12-05,Dingling,1,23.083333,30.250000,18.166667,12,12,12
2014-12-05,Dongsi,0,4.916667,18.500000,32.083333,12,12,12
2014-12-05,Dongsi,1,45.750000,86.000000,47.500000,12,12,12
2014-12-06,Aotizhongxin,0,68.083333,91.750000,75.333333,12,12,12
2014-12-06,Aotizhongxin,1,52.000000,88.583333,76.416667,12,12,12
2014-12-06,Changping,0,105.090909,144.636364,70.181818,11,11,11
2014-12-06,Changping,1,65.750000,100.583333,68.083333,12,12,12
2014-12-06,Dingling,0,30.583333,38.833333,23.333333,12,12,12
2014-12-06,Dingling,1,58.583333,71.083333,47.416667,12,12,12
2014-12-06,Dongsi,0,48.333333,75.416667,64.000000,12,12,12
2014-12-06,Dongsi,1,43.000000,81.333333,65.166667,12,12,12
2014-12-07,Aotizhongxin,0,71.666667,99.416667,76.166667,12,12,12
2014-12-07,Aotizhongxin,1,19.333333,46.000000,34.083333,12,12,12
2014-12-07,Changping,0,89.666667,120.500000,72.916667,12,12,12
2014-12-07,Changping,1,17.750000,45.000000,29.416667,12,12,12
2014-12-07,Dingling,0,97.750000,100.333333,54.083333,12,12,12
2014-12-07,Dingling,1,8.250000,24.500000,2.166667,12,12,12
2014-12-07,Dongsi,0,60.833333,94.500000,63.833333,12,12,12
2014-12-07,Dongsi,1,10.750000,42.416667,26.333333,12,12,12
2014-12-08,Aotizhongxin,0,18.500000,35.333333,53.333333,12,12,12
2014-12-08,Aotizhongxin,1,98.833333,142.666667,85.666667,12,12,12
2014-12-08,Changping,0,16.750000,26.166667,30.083333,12,12,12
2014-12-08,Changping,1,88.166667,117.416667,77.916667,12,12,12
2014-12-08,Dingling,0,15.750000,22.250000,10.333333,12,12,12
2014-12-08,Dingling,1,137.727273,139.083333,60.583333,11,12,12
2014-12-08,Dongsi,0,11.000000,28.833333,43.750000,12,12,12
2014-12-08,Dongsi,1,79.000000,122.833333,64.666667,12,12,12
2014-12-09,Aotizhongxin,0,209.750000,270.583333,110.666667,12,12,12
2014-12-09,Aotizhongxin,1,302.833333,377.416667,147.666667,12,12,12
2014-12-09,Changping,0,124.416667,154.000000,83.416667,12,12,12
2014-12-09,Changping,1,208.916667,257.500000,103.750000,12,12,12
2014-12-09,Dingling,0,142.916667,142.916667,68.750000,12,12,12
2014-12-09,Dingling,1,236.666667,240.250000,94.833333,12,12,12
2014-12-09,Dongsi,0,196.833333,290.750000,88.750000,12,12,12
2014-12-09,Dongsi,1,277.583333,402.583333,127.916667,12,12,12
2014-12-10,Aotizhongxin,0,225.000000,304.916667,120.272727,12,12,11
2014-12-10,Aotizhongxin,1,22.083333,157.250000,16.166667,12,12,12
2014-12-10,Changping,0,213.916667,277.666667,95.750000,12,12,12
2014-12-10,Changping,1,22.666667,134.666667,16.833333,12,12,12
2014-12-10,Dingling,0,223.000000,248.583333,74.333333,12,12,12
2014-12-10,Dingling,1,14.250000,74.833333,2.250000,12,12,12
2014-12-10,Dongsi,0,192.666667,308.583333,103.909091,12,12,11
2014-12-10,Dongsi,1,14.583333,165.833333,15.222222,12,12,9
2014-12-11,Aotizhongxin,0,12.250000,14.000000,30.333333,12,12,12
2014-12-11,Aotizhongxin,1,30.416667,64.000000,39.750000,12,12,12
2014-12-11,Changping,0,11.750000,14.583333,22.416667,12,12,12
2014-12-11,Changping,1,22.916667,55.750000,32.083333,12,12,12
2014-12-11,Dingling,0,8.583333,9.833333,4.833333,12,12,12
2014-12-11,Dingling,1,14.750000,35.583333,7.416667,12,12,12
2014-12-11,Dongsi,0,6.833333,13.583333,34.500000,12,12,12
2014-12-11,Dongsi,1,26.166667,63.166667,32.666667,12,12,12
2014-12-12,Aotizhongxin,0,8.083333,33.500000,13.083333,12,12,12
2014-12-12,Aotizhongxin,1,12.181818,51.909091,24.818182,11,11,11
2014-12-12,Changping,0,8.750000,39.583333,17.916667,12,12,12
2014-12-12,Changping,1,21.166667,68.916667,35.250000,12,12,12
2014-12-12,Dingling,0,6.416667,23.750000,2.583333,12,12,12
2014-12-12,Dingling,1,16.500000,64.583333,11.250000,12,12,12
2014-12-12,Dongsi,0,3.333333,35.250000,13.500000,12,12,12
2014-12-12,Dongsi,1,6.166667,46.500000,23.666667,12,12,12
2014-12-13,Aotizhongxin,0,18.000000,102.600000,33.363636,10,10,11
2014-12-13,Aotizhongxin,1,64.750000,132.583333,68.833333,12,12,12
2014-12-13,Changping,0,23.916667,53.833333,38.666667,12,12,12
2014-12-13,Changping,1,46.833333,81.083333,51.083333,12,12,12
2014-12-13,Dingling,0,27.916667,44.083333,21.250000,12,12,12
2014-12-13,Dingling,1,38.833333,60.250000,31.833333,12,12,12
2014-12-13,Dongsi,0,8.916667,40.916667,32.250000,12,12,12
2014-12-13,Dongsi,1,57.583333,114.583333,57.000000,12,12,12
2014-12-14,Aotizhongxin,0,79.600000,125.900000,75.400000,10,10,10
2014-12-14,Aotizhongxin,1,85.333333,146.750000,94.250000,12,12,12
2014-12-14,Changping,0,43.250000,64.416667,47.333333,12,12,12
2014-12-14,Changping,1,92.500000,149.750000,82.583333,12,12,12
2014-12-14,Dingling,0,38.250000,54.833333,31.416667,12,12,12
2014-12-14,Dingling,1,87.333333,107.583333,58.583333,12,12,12
2014-12-14,Dongsi,0,64.083333,119.416667,70.083333,12,12,12
2014-12-14,Dongsi,1,66.083333,119.250000,78.333333,12,12,12
2014-12-15,Aotizhongxin,0,144.500000,221.250000,86.181818,12,12,11
2014-12-15,Aotizhongxin,1,7.700000,55.909091,15.000000,10,11,12
2014-12-15,Changping,0,90.333333,162.333333,68.916667,12,12,12
2014-12-15,Changping,1,8.916667,51.000000,15.416667,12,12,12
2014-12-15,Dingling,0,112.916667,139.083333,59.000000,12,12,12
2014-12-15,Dingling,1,5.166667,29.750000,2.000000,12,12,12
2014-12-15,Dongsi,0,111.250000,209.166667,75.583333,12,12,12
2014-12-15,Dongsi,1,3.166667,40.333333,12.833333,12,12,12
2014-12-16,Aotizhongxin,0,8.166667,24.750000,19.083333,12,12,12
2014-12-16,Aotizhongxin,1,9.000000,42.857143,14.000000,7,7,7
2014-12-16,Changping,0,9.000000,27.833333,24.083333,12,12,12
2014-12-16,Changping,1,10.666667,42.083333,16.500000,12,12,12
2014-12-16,Dingling,0,7.333333,17.083333,5.250000,12,12,12
2014-12-16,Dingling,1,6.833333,24.250000,2.333333,12,12,12
2014-12-16,Dongsi,0,3.083333,29.833333,13.000000,12,12,12
2014-12-16,Dongsi,1,4.000000,50.333333,10.916667,12,12,12
2014-12-17,Aotizhongxin,0,31.400000,69.100000,40.100000,10,10,10
2014-12-17,Aotizhongxin,1,,,,0,0,0
2014-12-17,Changping,0,23.750000,56.000000,42.416667,12,12,12
2014-12-17,Changping,1,110.166667,168.500000,90.333333,12,12,12
2014-12-17,Dingling,0,24.583333,38.750000,13.166667,12,12,12
2014-12-17,Dingling,1,93.333333,111.833333,74.666667,12,12,12
2014-12-17,Dongsi,0,34.333333,77.583333,34.666667,12,12,12
2014-12-17,Dongsi,1,88.333333,159.500000,79.363636,12,12,11
2014-12-18,Aotizhongxin,0,,,,0,0,0
2014-12-18,Aotizhongxin,1,,,,0,0,0
2014-12-18,Changping,0,112.000000,161.416667,86.583333,12,12,12
2014-12-18,Changping,1,139.200000,184.000000,98.300000,10,10,10
2014-12-18,Dingling,0,105.166667,117.416667,77.333333,12,12,12
2014-12-18,Dingling,1,159.000000,175.900000,87.500000,10,10,10
2014-12-18,Dongsi,0,96.250000,167.583333,75.416667,12,12,12
2014-12-18,Dongsi,1,143.300000,212.600000,82.500000,10,10,10
2014-12-19,Aotizhongxin,0,,,,0,0,0
2014-12-19,Aotizhongxin,1,,,,0,0,0
2014-12-19,Changping,0,41.250000,75.250000,46.000000,8,8,8
2014-12-19,Changping,1,10.500000,32.083333,17.333333,12,12,12
2014-12-19,Dingling,0,41.625000,68.125000,32.750000,8,8,8
2014-12-19,Dingling,1,5.416667,18.083333,2.000000,12,12,12
2014-12-19,Dongsi,0,64.625000,112.750000,60.750000,8,8,8
2014-12-19,Dongsi,1,4.775000,26.833333,16.750000,12,12,12
2014-12-20,Aotizhongxin,0,,,,0,0,0
2014-12-20,Aotizhongxin,1,,,,0,0,0
2014-12-20,Changping,0,14.666667,19.583333,36.750000,12,12,12
2014-12-20,Changping,1,14.250000,25.083333,27.583333,12,12,12
2014-12-20,Dingling,0,13.666667,22.333333,13.666667,12,12,12
2014-12-20,Dingling,1,8.083333,10.750000,3.916667,12,12,12
2014-12-20,Dongsi,0,3.666667,10.666667,33.833333,12,12,12
2014-12-20,Dongsi,1,3.750000,15.500000,17.333333,12,12,12
2014-12-21,Aotizhongxin,0,,,,0,0,0
2014-12-21,Aotizhongxin,1,,,,0,0,0
2014-12-21,Changping,0,9.000000,19.916667,23.833333,12,12,12
2014-12-21,Changping,1,28.500000,86.916667,46.750000,12,12,12
2014-12-21,Dingling,0,9.250000,12.833333,6.333333,12,12,12
2014-12-21,Dingling,1,26.416667,61.166667,12.666667,12,12,12
2014-12-21,Dongsi,0,3.083333,19.833333,17.416667,12,12,12
2014-12-21,Dongsi,1,16.333333,58.083333,37.583333,12,12,12
2014-12-22,Aotizhongxin,0,,,,0,0,0
2014-12-22,Aotizhongxin,1,,,,0,0,0
2014-12-22,Changping,0,22.090909,61.454545,37.454545,11,11,11
2014-12-22,Changping,1,41.545455,70.818182,52.818182,11,11,11
2014-12-22,Dingling,0,15.666667,32.750000,11.166667,12,12,12
2014-12-22,Dingling,1,29.583333,32.916667,22.600000,12,12,10
2014-12-22,Dongsi,0,74.916667,151.916667,65.750000,12,12,12
2014-12-22,Dongsi,1,65.833333,112.500000,81.083333,12,12,12
2014-12-23,Aotizhongxin,0,,,,0,0,0
2014-12-23,Aotizhongxin,1,,,,0,0,0
2014-12-23,Changping,0,121.250000,166.750000,71.333333,12,12,12
2014-12-23,Changping,1,32.888889,57.666667,46.333333,9,9,9
2014-12-23,Dingling,0,39.916667,48.583333,31.333333,12,12,12
2014-12-23,Dingling,1,42.000000,84.800000,17.200000,10,10,10
2014-12-23,Dongsi,0,82.750000,141.333333,81.916667,12,12,12
2014-12-23,Dongsi,1,51.083333,99.666667,71.750000,12,12,12
2014-12-24,Aotizhongxin,0,,,,0,0,0
2014-12-24,Aotizhongxin,1,,,,0,0,0
2014-12-24,Changping,0,14.750000,43.416667,24.000000,12,12,12
2014-12-24,Changping,1,17.000000,42.500000,34.000000,12,12,12
2014-12-24,Dingling,0,10.500000,38.083333,8.750000,12,12,12
2014-12-24,Dingling,1,14.750000,27.916667,9.250000,12,12,12
2014-12-24,Dongsi,0,4.500000,35.166667,23.583333,12,12,12
2014-12-24,Dongsi,1,10.000000,23.500000,36.166667,12,12,12
2014-12-25,Aotizhongxin,0,,,,0,0,0
2014-12-25,Aotizhongxin,1,,,,0,0,0
2014-12-25,Changping,0,13.500000,26.083333,27.083333,12,12,12
2014-12-25,Changping,1,25.333333,39.333333,36.916667,12,12,12
2014-12-25,Dingling,0,13.333333,17.666667,16.333333,12,12,12
2014-12-25,Dingling,1,25.416667,28.083333,19.833333,12,12,12
2014-12-25,Dongsi,0,12.083333,26.916667,51.500000,12,12,12
2014-12-25,Dongsi,1,32.181818,43.545455,50.000000,11,11,12
2014-12-26,Aotizhongxin,0,,,,0,0,0
2014-12-26,Aotizhongxin,1,,,,0,0,0
2014-12-26,Changping,0,66.166667,93.583333,66.666667,12,12,12
2014-12-26,Changping,1,113.916667,139.750000,86.000000,12,12,12
2014-12-26,Dingling,0,60.333333,60.833333,40.750000,12,12,12
2014-12-26,Dingling,1,128.250000,133.250000,82.083333,12,12,12
2014-12-26,Dongsi,0,125.416667,146.333333,81.250000,12,12,12
2014-12-26,Dongsi,1,195.083333,220.500000,113.333333,12,12,12
2014-12-27,Aotizhongxin,0,,,,0,0,0
2014-12-27,Aotizhongxin,1,,,,0,0,0
2014-12-27,Changping,0,139.750000,162.250000,95.166667,12,12,12
2014-12-27,Changping,1,218.500000,273.000000,139.583333,12,12,12
2014-12-27,Dingling,0,147.333333,147.333333,81.916667,12,12,12
2014-12-27,Dingling,1,188.416667,190.250000,109.250000,12,12,12
2014-12-27,Dongsi,0,167.525000,177.908333,101.433333,12,12,12
2014-12-27,Dongsi,1,207.600000,210.400000,120.800000,5,5,5
2014-12-28,Aotizhongxin,0,,,,0,0,0
2014-12-28,Aotizhongxin,1,,,,0,0,0
2014-12-28,Changping,0,96.818182,157.916667,87.416667,11,12,12
2014-12-28,Changping,1,44.666667,117.833333,57.166667,12,12,12
2014-12-28,Dingling,0,95.750000,106.416667,52.000000,12,12,12
2014-12-28,Dingling,1,40.750000,85.333333,18.666667,12,12,12
2014-12-28,Dongsi,0,34.500000,69.500000,52.500000,2,2,2
2014-12-28,Dongsi,1,93.083333,172.750000,73.416667,12,12,12
2014-12-29,Aotizhongxin,0,,,,0,0,0
2014-12-29,Aotizhongxin,1,,,,0,0,0
2014-12-29,Changping,0,99.083333,188.500000,77.750000,12,12,12
2014-12-29,Changping,1,24.166667,85.750000,40.666667,12,12,12
2014-12-29,Dingling,0,60.166667,92.416667,37.333333,12,12,12
2014-12-29,Dingling,1,13.083333,53.250000,6.583333,12,12,12
2014-12-29,Dongsi,0,174.666667,270.750000,108.250000,12,12,12
2014-12-29,Dongsi,1,54.666667,130.250000,75.000000,12,12,12
2014-12-30,Aotizhongxin,0,,,,0,0,0
2014-12-30,Aotizhongxin,1,,,,0,0,0
2014-12-30,Changping,0,15.666667,35.166667,40.583333,12,12,12
2014-12-30,Changping,1,15.083333,68.250000,25.000000,12,12,12
2014-12-30,Dingling,0,12.416667,25.583333,12.166667,12,12,12
2014-12-30,Dingling,1,20.090909,54.000000,17.000000,11,11,11
2014-12-30,Dongsi,0,21.666667,43.416667,68.333333,12,12,12
2014-12-30,Dongsi,1,26.583333,97.583333,52.083333,12,12,12
2014-12-31,Aotizhongxin,0,,,,0,0,0
2014-12-31,Aotizhongxin,1,7.428571,48.428571,19.571429,7,7,7
2014-12-31,Changping,0,8.500000,64.833333,16.750000,12,12,12
2014-12-31,Changping,1,10.333333,54.666667,17.916667,12,12,12
2014-12-31,Dingling,0,6.500000,34.416667,2.083333,12,12,12
2014-12-31,Dingling,1,7.500000,34.125000,2.000000,8,8,8
2014-12-31,Dongsi,0,3.250000,57.916667,12.000000,12,12,12
2014-12-31,Dongsi,1,3.333333,43.000000,16.166667,12,12,12
